-0.640625,0.640625,-0.125,downstairs
-0.640625,0.609375,-0.1875,downstairs
-0.625,0.5625,-0.265625,downstairs
-0.609375,0.53125,-0.3125,downstairs
-0.59375,0.453125,-0.328125,downstairs
-0.640625,0.328125,-0.296875,downstairs
-0.71875,0.25,-0.25,downstairs
-0.859375,0.28125,-0.25,downstairs
-1.0,0.265625,-0.265625,downstairs
-0.4375,-0.046875,-0.015625,downstairs
-0.515625,-0.203125,-0.171875,downstairs
-0.609375,-0.4375,-0.0625,downstairs
-0.609375,-0.578125,0.046875,downstairs
-0.65625,-0.59375,-0.171875,downstairs
-0.75,-0.4375,-0.140625,downstairs
-0.859375,-0.15625,-0.140625,downstairs
-0.9375,0.046875,-0.21875,downstairs
-0.859375,0.015625,-0.296875,downstairs
-0.4375,0.28125,-0.4375,downstairs
-0.453125,0.265625,-0.421875,downstairs
-0.546875,0.34375,-0.40625,downstairs
-0.71875,0.40625,-0.3125,downstairs
-0.875,0.390625,-0.109375,downstairs
-0.953125,0.375,-0.171875,downstairs
-0.875,0.28125,-0.15625,downstairs
-0.765625,0.234375,-0.09375,downstairs
-0.6875,0.015625,-0.21875,downstairs
-0.953125,-0.90625,-0.484375,downstairs
-1.1875,-1.203125,-0.625,downstairs
-1.1875,-1.34375,-0.703125,downstairs
-1.046875,-1.328125,-0.65625,downstairs
-0.921875,-1.140625,-0.5,downstairs
-0.796875,-0.84375,-0.265625,downstairs
-0.578125,-0.4375,0.046875,downstairs
-0.453125,-0.046875,0.234375,downstairs
-0.328125,0.375,0.25,downstairs
-0.953125,-0.28125,-0.15625,downstairs
-0.84375,-0.21875,-0.171875,downstairs
-0.765625,-0.234375,-0.0625,downstairs
-0.71875,-0.265625,-0.09375,downstairs
-0.71875,-0.328125,-0.0625,downstairs
-0.765625,-0.359375,-0.125,downstairs
-0.828125,-0.359375,-0.109375,downstairs
-0.859375,-0.296875,-0.09375,downstairs
-0.9375,-0.265625,-0.15625,downstairs
-0.453125,-0.453125,0.1875,downstairs
-0.515625,-0.0625,0.15625,downstairs
-0.40625,0.203125,-0.34375,downstairs
-0.703125,0.375,0.078125,downstairs
-1.390625,0.484375,0.109375,downstairs
-2.65625,1.03125,-0.609375,downstairs
-3.09375,0.609375,-1.390625,downstairs
-2.0,-0.5,0.734375,downstairs
-1.328125,-0.765625,-0.203125,downstairs
-0.984375,0.0,-0.25,downstairs
-1.0,0.0,-0.25,downstairs
-0.96875,-0.015625,-0.28125,downstairs
-0.953125,-0.03125,-0.265625,downstairs
-0.921875,-0.0625,-0.234375,downstairs
-0.890625,-0.0625,-0.234375,downstairs
-0.875,-0.078125,-0.25,downstairs
-0.890625,-0.0625,-0.25,downstairs
-0.859375,-0.09375,-0.296875,downstairs
-0.921875,-0.09375,-0.46875,downstairs
-1.015625,-0.015625,-0.546875,downstairs
-1.09375,-0.015625,-0.65625,downstairs
-1.046875,-0.09375,-0.71875,downstairs
-0.953125,-0.234375,-0.65625,downstairs
-0.921875,-0.234375,-0.515625,downstairs
-0.921875,-0.15625,-0.453125,downstairs
-0.953125,-0.03125,-0.46875,downstairs
-0.984375,0.109375,-0.40625,downstairs
-1.125,0.078125,-0.171875,downstairs
-1.0625,0.046875,-0.125,downstairs
-0.984375,0.0,-0.015625,downstairs
-0.96875,0.015625,0.109375,downstairs
-1.234375,0.140625,-0.015625,downstairs
-1.65625,0.203125,-0.359375,downstairs
-2.03125,-0.03125,-0.859375,downstairs
-2.015625,-0.71875,-1.109375,downstairs
-1.765625,-1.078125,-0.6875,downstairs
-1.328125,-0.109375,-0.40625,downstairs
-1.1875,-0.0625,-0.46875,downstairs
-1.015625,-0.03125,-0.453125,downstairs
-0.9375,-0.03125,-0.40625,downstairs
-0.875,-0.046875,-0.34375,downstairs
-0.828125,-0.03125,-0.3125,downstairs
-0.796875,-0.015625,-0.3125,downstairs
-0.78125,0.015625,-0.296875,downstairs
-0.765625,0.015625,-0.28125,downstairs
-0.40625,-0.484375,0.078125,downstairs
-0.78125,-0.875,0.234375,downstairs
-1.21875,-1.109375,0.25,downstairs
-1.53125,-1.140625,0.046875,downstairs
-1.609375,-1.109375,-0.25,downstairs
-1.375,-0.953125,-0.59375,downstairs
-1.125,-0.703125,-0.875,downstairs
-0.875,-0.421875,-0.921875,downstairs
-0.671875,-0.171875,-0.78125,downstairs
-1.765625,-0.40625,0.046875,downstairs
-1.578125,-0.171875,0.140625,downstairs
-1.203125,0.1875,0.125,downstairs
-0.609375,0.375,0.09375,downstairs
-0.15625,0.375,0.09375,downstairs
0.28125,0.296875,0.125,downstairs
0.40625,0.171875,0.15625,downstairs
0.40625,0.125,0.125,downstairs
0.328125,0.125,0.078125,downstairs
-1.890625,-0.28125,-0.484375,downstairs
-1.6875,-0.125,-0.3125,downstairs
-1.421875,-0.09375,-0.375,downstairs
-1.203125,-0.078125,-0.515625,downstairs
-1.21875,0.0625,-0.703125,downstairs
-1.296875,0.1875,-0.75,downstairs
-1.53125,0.421875,-0.875,downstairs
-1.4375,0.140625,-0.90625,downstairs
-1.390625,-0.09375,-0.796875,downstairs
-0.9375,0.1875,-0.546875,downstairs
-1.21875,0.25,-0.53125,downstairs
-1.5,0.15625,-0.46875,downstairs
-1.75,0.046875,-0.390625,downstairs
-1.921875,-0.09375,-0.375,downstairs
-1.9375,-0.3125,-0.390625,downstairs
-1.90625,-0.375,-0.296875,downstairs
-1.78125,-0.265625,-0.28125,downstairs
-1.71875,-0.203125,-0.296875,downstairs
-0.90625,-0.03125,0.046875,downstairs
-0.9375,-0.109375,0.125,downstairs
-1.015625,-0.265625,0.171875,downstairs
-1.109375,-0.421875,0.125,downstairs
-1.140625,-0.484375,0.109375,downstairs
-1.0625,-0.421875,0.140625,downstairs
-0.984375,-0.296875,0.203125,downstairs
-0.9375,-0.1875,0.234375,downstairs
-0.9375,-0.078125,0.234375,downstairs
-1.4375,0.328125,-0.390625,downstairs
-1.296875,0.296875,-0.421875,downstairs
-1.1875,0.25,-0.390625,downstairs
-1.078125,0.1875,-0.328125,downstairs
-1.0,0.171875,-0.265625,downstairs
-0.921875,0.203125,-0.234375,downstairs
-0.828125,0.265625,-0.234375,downstairs
-0.78125,0.3125,-0.28125,downstairs
-0.765625,0.3125,-0.328125,downstairs
-0.828125,2.40625,1.375,downstairs
0.25,2.484375,1.015625,downstairs
0.09375,0.578125,0.609375,downstairs
-0.609375,-1.046875,0.421875,downstairs
-1.265625,-1.65625,0.40625,downstairs
-2.390625,-1.234375,-0.1875,downstairs
-2.796875,-0.21875,-0.1875,downstairs
-1.625,0.203125,-0.1875,downstairs
-0.875,0.265625,-0.296875,downstairs
-1.0625,0.296875,0.046875,downstairs
-1.125,0.296875,0.0,downstairs
-1.203125,0.296875,-0.03125,downstairs
-1.25,0.296875,-0.046875,downstairs
-1.25,0.3125,-0.03125,downstairs
-1.234375,0.3125,-0.015625,downstairs
-1.1875,0.296875,0.03125,downstairs
-1.109375,0.25,0.046875,downstairs
-1.015625,0.21875,-0.015625,downstairs
-0.078125,-0.34375,-0.15625,downstairs
-0.140625,-0.3125,-0.1875,downstairs
-0.25,-0.21875,-0.265625,downstairs
-0.390625,-0.140625,-0.390625,downstairs
-0.625,-0.09375,-0.46875,downstairs
-1.0625,-0.0625,-0.265625,downstairs
-1.78125,-0.0625,0.109375,downstairs
-2.640625,-0.296875,0.28125,downstairs
-2.578125,-0.46875,-0.078125,downstairs
-0.671875,-0.359375,-0.390625,downstairs
-0.71875,-0.4375,-0.5,downstairs
-0.75,-0.390625,-0.578125,downstairs
-0.8125,-0.234375,-0.640625,downstairs
-0.90625,-0.109375,-0.421875,downstairs
-0.953125,-0.109375,-0.203125,downstairs
-0.984375,-0.078125,-0.125,downstairs
-1.046875,-0.046875,-0.03125,downstairs
-1.140625,-0.1875,0.03125,downstairs
-0.84375,0.1875,-0.234375,downstairs
-0.625,0.0625,-0.171875,downstairs
-0.5,-0.0625,-0.109375,downstairs
-0.4375,-0.21875,-0.0625,downstairs
-0.4375,-0.3125,-0.0625,downstairs
-0.484375,-0.34375,-0.0625,downstairs
-0.53125,-0.265625,-0.046875,downstairs
-0.59375,-0.140625,-0.015625,downstairs
-0.578125,0.0,0.015625,downstairs
-2.015625,-1.359375,0.1875,downstairs
-2.40625,-1.953125,0.328125,downstairs
-2.140625,-0.921875,-0.859375,downstairs
-1.453125,0.15625,-0.609375,downstairs
-1.09375,0.796875,-0.203125,downstairs
-1.328125,0.796875,0.25,downstairs
-1.5625,0.296875,-0.65625,downstairs
-1.4375,0.25,-1.03125,downstairs
-1.046875,0.015625,0.625,downstairs
-0.328125,-0.953125,-0.796875,downstairs
-0.25,-0.453125,-0.84375,downstairs
-0.640625,0.03125,-0.734375,downstairs
-1.0,0.375,-0.6875,downstairs
-1.703125,0.640625,-0.875,downstairs
-2.546875,0.265625,-0.609375,downstairs
-2.03125,0.078125,-0.015625,downstairs
-1.40625,0.125,-0.046875,downstairs
-1.03125,0.125,-0.21875,downstairs
-0.5,-0.328125,-0.46875,downstairs
-0.34375,-0.359375,-0.53125,downstairs
-0.234375,-0.4375,-0.515625,downstairs
-0.203125,-0.421875,-0.453125,downstairs
-0.25,-0.234375,-0.296875,downstairs
-0.34375,0.0625,-0.09375,downstairs
-0.390625,0.328125,0.171875,downstairs
-0.46875,0.453125,0.375,downstairs
-0.4375,0.390625,0.375,downstairs
-0.3125,-0.03125,0.0625,downstairs
-0.375,0.0,0.078125,downstairs
-0.40625,0.078125,0.0625,downstairs
-0.453125,0.21875,0.046875,downstairs
-0.484375,0.359375,0.015625,downstairs
-0.5625,0.421875,-0.0625,downstairs
-0.65625,0.28125,-0.234375,downstairs
-0.78125,0.140625,-0.5,downstairs
-0.921875,0.109375,-0.8125,downstairs
-0.375,0.234375,-0.015625,downstairs
-0.421875,0.109375,0.0,downstairs
-0.46875,-0.03125,-0.046875,downstairs
-0.5,-0.125,-0.09375,downstairs
-0.546875,-0.21875,-0.171875,downstairs
-0.625,-0.234375,-0.265625,downstairs
-0.6875,-0.203125,-0.359375,downstairs
-0.734375,-0.109375,-0.421875,downstairs
-0.75,0.0,-0.453125,downstairs
-0.828125,-0.015625,0.546875,downstairs
-1.15625,-0.359375,0.265625,downstairs
-1.9375,-0.59375,-0.640625,downstairs
-2.765625,-0.828125,-1.03125,downstairs
-2.296875,-0.46875,-0.71875,downstairs
-1.375,0.09375,-0.609375,downstairs
-1.03125,0.0625,-0.4375,downstairs
-0.796875,-0.046875,-0.171875,downstairs
-0.703125,-0.125,0.0,downstairs
-1.953125,-0.125,-0.65625,downstairs
-2.125,-0.171875,-0.578125,downstairs
-2.171875,-0.15625,-0.453125,downstairs
-2.171875,-0.0625,-0.359375,downstairs
-2.03125,0.046875,-0.34375,downstairs
-1.90625,0.15625,-0.421875,downstairs
-1.78125,0.234375,-0.453125,downstairs
-1.609375,0.203125,-0.421875,downstairs
-1.484375,0.0625,-0.359375,downstairs
-1.125,0.09375,-0.15625,downstairs
-1.109375,0.046875,-0.375,downstairs
-1.109375,0.078125,-0.421875,downstairs
-1.171875,0.203125,-0.34375,downstairs
-1.265625,0.265625,-0.21875,downstairs
-1.1875,0.1875,-0.078125,downstairs
-0.90625,0.0625,0.015625,downstairs
-0.671875,-0.078125,0.03125,downstairs
-0.46875,-0.1875,-0.0625,downstairs
-1.984375,0.5625,-0.40625,downstairs
-1.875,0.625,-0.34375,downstairs
-1.609375,0.65625,-0.359375,downstairs
-1.328125,0.640625,-0.390625,downstairs
-1.125,0.53125,-0.4375,downstairs
-1.0,0.34375,-0.484375,downstairs
-0.890625,0.171875,-0.453125,downstairs
-0.796875,0.0625,-0.375,downstairs
-0.671875,-0.09375,-0.328125,downstairs
-0.640625,-0.046875,-0.09375,downstairs
-0.8125,-0.046875,-0.140625,downstairs
-0.984375,-0.109375,-0.25,downstairs
-1.109375,-0.171875,-0.4375,downstairs
-1.171875,-0.203125,-0.59375,downstairs
-1.15625,-0.203125,-0.65625,downstairs
-1.046875,-0.15625,-0.640625,downstairs
-0.859375,-0.125,-0.5625,downstairs
-0.703125,-0.09375,-0.5,downstairs
-2.9375,-0.375,-1.3125,downstairs
-1.640625,-0.546875,-0.25,downstairs
-0.578125,0.171875,0.890625,downstairs
0.125,0.84375,0.8125,downstairs
0.375,0.6875,0.46875,downstairs
0.125,-0.203125,0.421875,downstairs
-0.5625,-0.8125,0.4375,downstairs
-1.40625,-0.84375,0.28125,downstairs
-2.15625,-0.625,0.140625,downstairs
-1.703125,-1.078125,-0.28125,downstairs
-2.734375,-1.40625,-0.5625,downstairs
-2.109375,-1.125,-0.53125,downstairs
-1.25,-0.515625,-0.03125,downstairs
-0.84375,-0.28125,0.203125,downstairs
-0.59375,0.0,0.296875,downstairs
-0.5,0.125,0.34375,downstairs
-0.65625,0.0,0.34375,downstairs
-1.015625,-0.28125,0.296875,downstairs
-0.265625,0.421875,0.125,upstairs
-0.296875,0.53125,0.203125,upstairs
-0.328125,0.609375,0.28125,upstairs
-0.453125,0.5625,0.046875,upstairs
-0.6875,0.828125,-1.453125,upstairs
-1.1875,0.515625,-2.125,upstairs
-3.125,0.078125,-0.65625,upstairs
-4.25,-1.0,-0.421875,upstairs
-3.703125,-3.125,0.90625,upstairs
-0.84375,-0.515625,-0.296875,upstairs
-0.921875,-0.421875,-0.3125,upstairs
-1.046875,-0.25,-0.328125,upstairs
-1.234375,-0.046875,-0.296875,upstairs
-1.375,0.1875,-0.25,upstairs
-1.421875,0.375,-0.171875,upstairs
-1.359375,0.453125,-0.09375,upstairs
-1.21875,0.390625,-0.078125,upstairs
-1.03125,0.25,-0.078125,upstairs
-1.125,-0.21875,-0.234375,upstairs
-1.0625,-0.1875,-0.265625,upstairs
-1.03125,-0.125,-0.28125,upstairs
-1.0625,-0.046875,-0.25,upstairs
-1.109375,0.015625,-0.171875,upstairs
-1.1875,0.078125,-0.078125,upstairs
-1.265625,0.09375,-0.015625,upstairs
-1.328125,0.0625,0.015625,upstairs
-1.40625,0.015625,0.0,upstairs
-1.03125,-0.4375,-0.171875,upstairs
-1.0625,-0.421875,-0.078125,upstairs
-1.078125,-0.390625,-0.015625,upstairs
-1.109375,-0.375,0.0,upstairs
-1.140625,-0.359375,0.015625,upstairs
-1.171875,-0.359375,0.03125,upstairs
-1.21875,-0.375,0.0,upstairs
-1.265625,-0.375,0.0,upstairs
-1.421875,-0.4375,-0.015625,upstairs
-0.984375,-0.125,0.21875,upstairs
-0.953125,-0.140625,0.21875,upstairs
-0.96875,-0.15625,0.1875,upstairs
-0.984375,-0.203125,0.1875,upstairs
-1.015625,-0.25,0.21875,upstairs
-1.03125,-0.25,0.265625,upstairs
-1.03125,-0.21875,0.3125,upstairs
-1.0,-0.140625,0.3125,upstairs
-1.0,-0.078125,0.265625,upstairs
-1.609375,-0.109375,-0.734375,upstairs
-1.46875,-0.046875,-0.6875,upstairs
-1.4375,-0.015625,-0.546875,upstairs
-1.40625,-0.109375,-0.578125,upstairs
-1.375,-0.171875,-0.6875,upstairs
-1.328125,-0.234375,-0.765625,upstairs
-1.25,-0.28125,-0.9375,upstairs
-1.203125,-0.296875,-1.0,upstairs
-1.234375,-0.3125,-0.671875,upstairs
-1.75,0.15625,-0.46875,upstairs
-1.671875,0.1875,-0.671875,upstairs
-1.59375,0.125,-0.8125,upstairs
-1.546875,0.046875,-0.90625,upstairs
-1.4375,0.109375,-0.96875,upstairs
-1.265625,0.265625,-1.0625,upstairs
-1.203125,0.53125,-1.046875,upstairs
-1.28125,0.734375,-0.859375,upstairs
-1.5,0.703125,-0.609375,upstairs
-0.703125,-0.421875,-0.203125,upstairs
-0.625,-0.359375,-0.1875,upstairs
-0.578125,-0.3125,-0.203125,upstairs
-0.578125,-0.28125,-0.171875,upstairs
-0.59375,-0.28125,-0.15625,upstairs
-0.625,-0.296875,-0.140625,upstairs
-0.703125,-0.34375,-0.109375,upstairs
-0.765625,-0.390625,-0.078125,upstairs
-0.828125,-0.4375,-0.109375,upstairs
-1.8125,-0.1875,-0.40625,upstairs
-1.765625,-0.0625,-0.5625,upstairs
-1.75,0.015625,-0.5625,upstairs
-1.75,0.140625,-0.53125,upstairs
-1.703125,0.203125,-0.53125,upstairs
-1.59375,0.25,-0.484375,upstairs
-1.515625,0.171875,-0.375,upstairs
-1.4375,-0.0625,-0.21875,upstairs
-1.453125,-0.28125,-0.09375,upstairs
-0.8125,-0.390625,-0.171875,upstairs
-0.921875,-0.1875,-0.40625,upstairs
-1.15625,0.28125,-0.46875,upstairs
-1.4375,0.53125,-0.34375,upstairs
-1.53125,0.375,-0.265625,upstairs
-1.375,0.28125,-0.328125,upstairs
-1.125,0.21875,-0.3125,upstairs
-0.875,0.109375,-0.265625,upstairs
-0.625,0.09375,-0.203125,upstairs
0.03125,-0.046875,-0.21875,upstairs
0.203125,0.046875,-0.234375,upstairs
0.28125,0.109375,-0.21875,upstairs
0.40625,0.171875,-0.125,upstairs
0.4375,0.140625,-0.078125,upstairs
0.390625,0.09375,0.078125,upstairs
0.234375,0.09375,0.0625,upstairs
0.015625,0.0625,-0.109375,upstairs
-0.296875,-0.234375,-0.390625,upstairs
-2.75,-1.640625,-0.359375,upstairs
-1.65625,-1.078125,-0.1875,upstairs
-1.0,-0.5,-0.3125,upstairs
-0.515625,-0.015625,-0.265625,upstairs
-0.15625,0.21875,-0.171875,upstairs
-0.09375,0.21875,-0.109375,upstairs
-0.203125,0.015625,-0.015625,upstairs
-0.453125,-0.15625,0.015625,upstairs
-0.734375,-0.234375,0.015625,upstairs
-1.078125,-0.046875,1.0,upstairs
-0.796875,-0.15625,1.0625,upstairs
-0.625,-0.203125,0.828125,upstairs
-0.4375,-0.15625,0.34375,upstairs
-0.46875,-0.21875,-0.3125,upstairs
-0.609375,-0.1875,-0.90625,upstairs
-0.953125,-0.171875,-1.0,upstairs
-1.046875,-0.25,-0.8125,upstairs
-0.828125,-0.515625,-0.359375,upstairs
-1.046875,0.015625,-0.078125,upstairs
-1.078125,0.0,-0.0625,upstairs
-1.125,0.0,-0.03125,upstairs
-1.15625,0.0,0.03125,upstairs
-1.15625,0.0,0.0625,upstairs
-1.171875,0.015625,0.078125,upstairs
-1.1875,0.015625,0.09375,upstairs
-1.171875,0.015625,0.0625,upstairs
-1.125,0.015625,0.015625,upstairs
-0.3125,0.09375,-0.453125,upstairs
-0.3125,0.09375,-0.53125,upstairs
-0.3125,0.03125,-0.59375,upstairs
-0.34375,-0.03125,-0.65625,upstairs
-0.375,-0.140625,-0.65625,upstairs
-0.40625,-0.234375,-0.578125,upstairs
-0.453125,-0.296875,-0.515625,upstairs
-0.46875,-0.3125,-0.484375,upstairs
-0.453125,-0.25,-0.515625,upstairs
-1.328125,-0.328125,-0.046875,upstairs
-1.34375,-0.28125,-0.0625,upstairs
-1.4375,-0.234375,-0.125,upstairs
-1.53125,-0.15625,-0.140625,upstairs
-1.609375,-0.03125,-0.15625,upstairs
-1.578125,0.125,-0.203125,upstairs
-1.5625,0.3125,-0.28125,upstairs
-1.734375,0.5,-0.390625,upstairs
-1.921875,0.5625,-0.484375,upstairs
-0.078125,-0.09375,-0.28125,upstairs
-0.03125,-0.078125,-0.28125,upstairs
-0.0625,-0.09375,-0.28125,upstairs
-0.078125,-0.140625,-0.328125,upstairs
-0.109375,-0.21875,-0.296875,upstairs
-0.15625,-0.28125,-0.1875,upstairs
-0.203125,-0.265625,0.015625,upstairs
-0.25,-0.203125,0.140625,upstairs
-0.125,-0.078125,-0.1875,upstairs
-1.0,-0.015625,0.125,upstairs
-1.0,0.046875,0.125,upstairs
-1.015625,0.109375,0.140625,upstairs
-1.03125,0.109375,0.140625,upstairs
-1.046875,0.09375,0.125,upstairs
-1.078125,0.0625,0.109375,upstairs
-1.15625,0.0,0.078125,upstairs
-1.234375,-0.078125,0.015625,upstairs
-1.3125,-0.140625,-0.046875,upstairs
0.1875,0.65625,-0.25,upstairs
-0.140625,0.640625,-0.328125,upstairs
-0.453125,0.390625,-0.21875,upstairs
-0.6875,0.0625,0.109375,upstairs
-1.015625,-0.15625,0.265625,upstairs
-1.5,-0.40625,0.171875,upstairs
-2.03125,-0.765625,0.0625,upstairs
-2.046875,-0.96875,0.0,upstairs
-1.609375,-0.8125,0.015625,upstairs
-0.4375,0.203125,-0.328125,upstairs
-0.5,0.234375,-0.1875,upstairs
-0.6875,0.140625,-0.140625,upstairs
-0.9375,0.03125,-0.125,upstairs
-1.1875,-0.15625,-0.140625,upstairs
-1.359375,-0.40625,-0.171875,upstairs
-1.421875,-0.53125,-0.171875,upstairs
-1.359375,-0.5,-0.1875,upstairs
-1.21875,-0.4375,-0.1875,upstairs
-0.59375,-0.203125,-0.203125,upstairs
-0.609375,-0.28125,-0.15625,upstairs
-0.59375,-0.359375,-0.109375,upstairs
-0.59375,-0.453125,-0.09375,upstairs
-0.578125,-0.4375,-0.09375,upstairs
-0.53125,-0.34375,-0.109375,upstairs
-0.453125,-0.265625,-0.125,upstairs
-0.34375,-0.21875,-0.078125,upstairs
-0.234375,-0.203125,-0.015625,upstairs
-1.265625,-0.328125,-1.078125,upstairs
-1.71875,-0.125,-1.265625,upstairs
-2.421875,-0.671875,-0.40625,upstairs
-3.125,-0.734375,-1.328125,upstairs
-2.640625,-0.46875,0.328125,upstairs
-1.5,0.3125,-0.203125,upstairs
-0.59375,0.484375,-0.671875,upstairs
0.0,0.265625,-0.640625,upstairs
0.203125,0.046875,-0.21875,upstairs
-1.5,0.859375,-0.984375,upstairs
-1.59375,0.890625,-0.890625,upstairs
-1.484375,0.75,-0.90625,upstairs
-1.5,0.375,-0.984375,upstairs
-1.609375,-0.109375,-0.859375,upstairs
-1.75,-0.515625,-0.59375,upstairs
-1.90625,-0.890625,-0.34375,upstairs
-1.84375,-1.0625,-0.296875,upstairs
-1.796875,-1.0,-0.296875,upstairs
-0.625,0.03125,-0.28125,upstairs
-0.546875,0.0,-0.28125,upstairs
-0.46875,-0.03125,-0.296875,upstairs
-0.453125,-0.03125,-0.296875,upstairs
-0.40625,0.015625,-0.296875,upstairs
-0.421875,0.046875,-0.28125,upstairs
-0.40625,0.03125,-0.265625,upstairs
-0.390625,0.0625,-0.203125,upstairs
-0.34375,0.125,-0.203125,upstairs
-0.15625,-0.09375,-0.234375,upstairs
-0.15625,-0.015625,-0.234375,upstairs
-0.15625,0.09375,-0.234375,upstairs
-0.203125,0.140625,-0.296875,upstairs
-0.3125,0.203125,-0.46875,upstairs
-0.484375,0.25,-0.71875,upstairs
-0.609375,0.265625,-0.921875,upstairs
-0.609375,0.265625,-0.90625,upstairs
-0.546875,0.265625,-0.859375,upstairs
-1.0625,-0.09375,-0.0625,upstairs
-1.171875,-0.125,-0.03125,upstairs
-1.265625,-0.203125,-0.015625,upstairs
-1.296875,-0.265625,0.015625,upstairs
-1.265625,-0.34375,0.03125,upstairs
-1.203125,-0.421875,0.046875,upstairs
-1.1875,-0.40625,0.078125,upstairs
-1.25,-0.34375,0.109375,upstairs
-1.390625,-0.28125,0.0625,upstairs
-0.265625,-0.109375,-0.28125,upstairs
-0.296875,-0.078125,-0.28125,upstairs
-0.296875,0.0,-0.296875,upstairs
-0.328125,0.046875,-0.296875,upstairs
-0.328125,0.09375,-0.328125,upstairs
-0.328125,0.109375,-0.359375,upstairs
-0.296875,0.125,-0.390625,upstairs
-0.25,0.109375,-0.40625,upstairs
-0.234375,0.09375,-0.421875,upstairs
-0.25,0.203125,-0.828125,upstairs
-0.390625,0.046875,-0.59375,upstairs
-0.625,-0.203125,-0.359375,upstairs
-0.765625,-0.4375,-0.171875,upstairs
-0.859375,-0.609375,-0.015625,upstairs
-1.09375,-0.734375,0.0625,upstairs
-1.546875,-0.75,0.0625,upstairs
-1.765625,-0.828125,-0.015625,upstairs
-1.5625,-0.671875,-0.15625,upstairs
-1.0,0.0,-0.21875,upstairs
-0.984375,0.03125,-0.25,upstairs
-0.953125,0.03125,-0.265625,upstairs
-0.953125,0.015625,-0.234375,upstairs
-0.984375,-0.03125,-0.171875,upstairs
-0.984375,-0.109375,-0.125,upstairs
-0.953125,-0.171875,-0.09375,upstairs
-0.9375,-0.21875,-0.078125,upstairs
-0.890625,-0.203125,-0.109375,upstairs
-1.453125,-0.609375,-0.25,upstairs
-1.625,-0.421875,-0.21875,upstairs
-1.734375,-0.1875,-0.203125,upstairs
-1.734375,0.078125,-0.203125,upstairs
-1.65625,0.28125,-0.28125,upstairs
-1.640625,0.359375,-0.390625,upstairs
-1.640625,0.265625,-0.484375,upstairs
-1.65625,0.0625,-0.484375,upstairs
-1.71875,-0.109375,-0.40625,upstairs
-0.21875,-0.234375,-0.109375,upstairs
-0.1875,-0.25,-0.109375,upstairs
-0.140625,-0.25,-0.125,upstairs
-0.09375,-0.203125,-0.140625,upstairs
-0.0625,-0.1875,-0.203125,upstairs
-0.078125,-0.171875,-0.3125,upstairs
-0.078125,-0.171875,-0.515625,upstairs
-0.09375,-0.234375,-0.71875,upstairs
-0.078125,-0.328125,-0.796875,upstairs
-0.984375,-0.03125,-0.15625,upstairs
-1.015625,-0.0625,-0.140625,upstairs
-1.046875,-0.125,-0.109375,upstairs
-1.046875,-0.1875,-0.140625,upstairs
-1.046875,-0.203125,-0.15625,upstairs
-1.015625,-0.171875,-0.171875,upstairs
-0.96875,-0.09375,-0.171875,upstairs
-0.890625,-0.03125,-0.203125,upstairs
-0.828125,-0.015625,-0.1875,upstairs
-0.84375,-0.03125,-0.78125,upstairs
-0.671875,0.375,-0.0625,upstairs
-0.546875,0.546875,0.3125,upstairs
-0.421875,0.375,0.296875,upstairs
-0.265625,0.03125,0.0625,upstairs
-0.21875,-0.28125,-0.078125,upstairs
-0.203125,-0.375,-0.046875,upstairs
-0.21875,-0.296875,0.0,upstairs
-0.234375,-0.21875,0.015625,upstairs
-0.671875,-0.15625,0.046875,walk_slow
-0.8125,0.15625,-0.03125,walk_slow
-0.890625,0.375,-0.109375,walk_slow
-0.828125,0.359375,-0.015625,walk_slow
-0.765625,0.140625,0.125,walk_slow
-0.796875,-0.125,0.09375,walk_slow
-0.9375,-0.28125,0.046875,walk_slow
-1.109375,-0.359375,-0.03125,walk_slow
-1.1875,-0.34375,-0.1875,walk_slow
-0.84375,-0.046875,0.25,walk_slow
-0.828125,-0.109375,0.234375,walk_slow
-0.78125,-0.15625,0.21875,walk_slow
-0.765625,-0.203125,0.203125,walk_slow
-0.765625,-0.21875,0.1875,walk_slow
-0.78125,-0.21875,0.171875,walk_slow
-0.828125,-0.171875,0.15625,walk_slow
-0.890625,-0.109375,0.125,walk_slow
-0.9375,-0.03125,0.09375,walk_slow
-0.96875,0.046875,-0.078125,walk_slow
-0.953125,0.046875,-0.078125,walk_slow
-0.953125,0.03125,-0.09375,walk_slow
-0.953125,0.046875,-0.109375,walk_slow
-0.953125,0.09375,-0.125,walk_slow
-0.953125,0.125,-0.15625,walk_slow
-0.9375,0.125,-0.171875,walk_slow
-0.90625,0.125,-0.203125,walk_slow
-0.875,0.125,-0.21875,walk_slow
-1.078125,-0.046875,-0.65625,walk_slow
-1.109375,-0.09375,-0.671875,walk_slow
-1.0625,-0.09375,-0.640625,walk_slow
-1.03125,-0.109375,-0.640625,walk_slow
-0.953125,-0.046875,-0.625,walk_slow
-0.875,0.0,-0.59375,walk_slow
-0.8125,0.046875,-0.578125,walk_slow
-0.765625,0.078125,-0.546875,walk_slow
-0.71875,0.0625,-0.5,walk_slow
-0.9375,-0.1875,0.15625,walk_slow
-0.921875,-0.171875,0.140625,walk_slow
-0.890625,-0.140625,0.140625,walk_slow
-0.859375,-0.078125,0.15625,walk_slow
-0.84375,-0.015625,0.15625,walk_slow
-0.828125,0.015625,0.140625,walk_slow
-0.8125,0.046875,0.125,walk_slow
-0.796875,0.046875,0.109375,walk_slow
-0.78125,0.046875,0.109375,walk_slow
-0.875,-0.3125,-0.015625,walk_slow
-0.8125,-0.265625,-0.03125,walk_slow
-0.828125,-0.1875,-0.03125,walk_slow
-0.90625,-0.140625,-0.03125,walk_slow
-0.953125,-0.140625,-0.046875,walk_slow
-0.953125,-0.1875,-0.046875,walk_slow
-0.9375,-0.265625,-0.015625,walk_slow
-0.90625,-0.390625,0.0,walk_slow
-0.90625,-0.484375,0.015625,walk_slow
-0.96875,-0.015625,0.171875,walk_slow
-0.96875,0.0,0.171875,walk_slow
-0.96875,0.0,0.171875,walk_slow
-0.96875,0.0,0.15625,walk_slow
-0.984375,0.0,0.15625,walk_slow
-1.0,0.0,0.15625,walk_slow
-1.015625,0.0,0.171875,walk_slow
-1.015625,0.0,0.171875,walk_slow
-1.03125,0.0,0.171875,walk_slow
-0.859375,0.296875,0.125,walk_slow
-0.765625,0.125,0.3125,walk_slow
-0.734375,-0.09375,0.328125,walk_slow
-0.71875,-0.25,0.3125,walk_slow
-0.765625,-0.3125,0.34375,walk_slow
-0.78125,-0.328125,0.34375,walk_slow
-0.84375,-0.296875,0.34375,walk_slow
-0.921875,-0.203125,0.3125,walk_slow
-1.015625,-0.125,0.328125,walk_slow
-0.96875,-0.171875,0.15625,walk_slow
-0.953125,-0.203125,0.15625,walk_slow
-0.9375,-0.234375,0.15625,walk_slow
-0.921875,-0.21875,0.15625,walk_slow
-0.90625,-0.203125,0.140625,walk_slow
-0.90625,-0.1875,0.125,walk_slow
-0.921875,-0.15625,0.125,walk_slow
-0.953125,-0.15625,0.125,walk_slow
-0.96875,-0.15625,0.09375,walk_slow
-1.015625,-0.0625,0.09375,walk_slow
-1.015625,-0.0625,0.09375,walk_slow
-1.015625,-0.0625,0.09375,walk_slow
-1.015625,-0.0625,0.09375,walk_slow
-1.015625,-0.0625,0.09375,walk_slow
-1.015625,-0.078125,0.078125,walk_slow
-1.03125,-0.078125,0.078125,walk_slow
-1.03125,-0.078125,0.078125,walk_slow
-1.03125,-0.078125,0.09375,walk_slow
-1.078125,-0.390625,-0.171875,walk_slow
-1.09375,-0.421875,-0.140625,walk_slow
-1.0625,-0.453125,-0.078125,walk_slow
-1.015625,-0.4375,-0.046875,walk_slow
-1.0,-0.390625,-0.046875,walk_slow
-1.0,-0.3125,-0.0625,walk_slow
-1.0,-0.265625,-0.046875,walk_slow
-1.0,-0.21875,-0.046875,walk_slow
-1.0,-0.171875,-0.03125,walk_slow
-1.09375,0.171875,0.03125,walk_slow
-1.0625,0.265625,-0.015625,walk_slow
-1.0,0.296875,-0.078125,walk_slow
-0.953125,0.296875,-0.0625,walk_slow
-0.9375,0.296875,0.0,walk_slow
-0.921875,0.25,0.046875,walk_slow
-0.953125,0.21875,0.0625,walk_slow
-1.0,0.109375,0.171875,walk_slow
-1.046875,0.03125,0.203125,walk_slow
-0.796875,-0.390625,0.0,walk_slow
-0.78125,-0.28125,0.03125,walk_slow
-0.765625,-0.1875,0.0625,walk_slow
-0.71875,-0.09375,0.078125,walk_slow
-0.671875,0.0,0.0625,walk_slow
-0.609375,0.09375,0.03125,walk_slow
-0.546875,0.125,-0.03125,walk_slow
-0.5,0.171875,-0.078125,walk_slow
-0.46875,0.140625,-0.09375,walk_slow
-0.828125,-0.515625,0.5,walk_slow
-1.3125,-0.5625,0.515625,walk_slow
-1.5625,-0.578125,0.359375,walk_slow
-1.515625,-0.53125,0.015625,walk_slow
-1.46875,-0.484375,-0.34375,walk_slow
-1.5,-0.4375,-0.546875,walk_slow
-1.421875,-0.3125,-0.5,walk_slow
-1.25,-0.140625,-0.28125,walk_slow
-1.0625,0.0625,-0.03125,walk_slow
-0.921875,0.046875,0.125,walk_slow
-0.953125,-0.03125,0.125,walk_slow
-0.984375,-0.109375,0.125,walk_slow
-1.015625,-0.171875,0.125,walk_slow
-1.03125,-0.203125,0.125,walk_slow
-1.046875,-0.1875,0.125,walk_slow
-1.0625,-0.15625,0.140625,walk_slow
-1.03125,-0.125,0.140625,walk_slow
-1.0,-0.109375,0.140625,walk_slow
-1.0,-0.015625,-0.015625,walk_slow
-1.015625,-0.0625,-0.015625,walk_slow
-1.015625,-0.09375,-0.015625,walk_slow
-1.015625,-0.09375,-0.015625,walk_slow
-1.03125,-0.109375,-0.03125,walk_slow
-1.046875,-0.140625,-0.015625,walk_slow
-1.03125,-0.1875,0.015625,walk_slow
-1.0,-0.1875,0.03125,walk_slow
-0.96875,-0.171875,0.046875,walk_slow
-1.109375,0.015625,0.0625,walk_slow
-1.125,-0.03125,0.046875,walk_slow
-1.140625,-0.09375,0.0625,walk_slow
-1.15625,-0.109375,0.0625,walk_slow
-1.15625,-0.109375,0.046875,walk_slow
-1.15625,-0.09375,0.015625,walk_slow
-1.171875,-0.09375,-0.03125,walk_slow
-1.15625,-0.078125,-0.046875,walk_slow
-1.140625,-0.0625,-0.046875,walk_slow
-0.96875,-0.140625,0.0,walk_slow
-0.96875,-0.125,0.0,walk_slow
-0.96875,-0.109375,0.0,walk_slow
-0.96875,-0.09375,0.0,walk_slow
-0.96875,-0.078125,0.0,walk_slow
-0.96875,-0.078125,0.015625,walk_slow
-0.96875,-0.078125,0.015625,walk_slow
-0.96875,-0.078125,0.03125,walk_slow
-0.953125,-0.078125,0.03125,walk_slow
-1.0625,-0.359375,0.140625,walk_slow
-1.046875,-0.390625,0.15625,walk_slow
-0.96875,-0.421875,0.171875,walk_slow
-0.90625,-0.4375,0.140625,walk_slow
-0.859375,-0.421875,0.078125,walk_slow
-0.84375,-0.390625,0.046875,walk_slow
-0.875,-0.359375,0.03125,walk_slow
-0.921875,-0.3125,0.03125,walk_slow
-0.96875,-0.296875,0.03125,walk_slow
-0.9375,-0.078125,0.234375,walk_slow
-0.890625,-0.3125,0.3125,walk_slow
-0.90625,-0.578125,0.296875,walk_slow
-0.921875,-0.6875,0.234375,walk_slow
-0.9375,-0.6875,0.171875,walk_slow
-0.96875,-0.59375,0.140625,walk_slow
-0.9375,-0.4375,0.09375,walk_slow
-0.921875,-0.28125,0.0625,walk_slow
-0.90625,-0.140625,0.03125,walk_slow
-1.0,0.140625,-0.0625,walk_slow
-0.78125,0.203125,-0.046875,walk_slow
-0.65625,0.15625,-0.015625,walk_slow
-0.609375,0.078125,0.0,walk_slow
-0.671875,-0.078125,0.015625,walk_slow
-0.765625,-0.3125,0.078125,walk_slow
-0.859375,-0.53125,0.109375,walk_slow
-0.96875,-0.71875,0.0625,walk_slow
-1.078125,-0.828125,-0.015625,walk_slow
-0.75,0.265625,-0.109375,walk_slow
-1.0625,0.265625,-0.25,walk_slow
-1.40625,0.21875,-0.203125,walk_slow
-1.515625,0.1875,-0.03125,walk_slow
-1.328125,0.109375,0.0625,walk_slow
-1.0625,0.125,0.09375,walk_slow
-0.875,0.1875,0.0625,walk_slow
-0.796875,0.25,0.015625,walk_slow
-0.796875,0.296875,-0.03125,walk_slow
-0.984375,-0.234375,0.1875,walk_slow
-0.984375,-0.25,0.1875,walk_slow
-0.96875,-0.234375,0.1875,walk_slow
-0.96875,-0.25,0.1875,walk_slow
-0.96875,-0.25,0.203125,walk_slow
-0.984375,-0.234375,0.203125,walk_slow
-1.0,-0.21875,0.1875,walk_slow
-0.984375,-0.203125,0.203125,walk_slow
-0.96875,-0.1875,0.1875,walk_slow
-1.03125,-0.109375,-0.03125,walk_slow
-1.03125,-0.09375,-0.015625,walk_slow
-1.03125,-0.078125,-0.015625,walk_slow
-1.015625,-0.0625,-0.015625,walk_slow
-1.0,-0.046875,0.015625,walk_slow
-1.0,-0.046875,0.015625,walk_slow
-1.015625,-0.0625,0.0,walk_slow
-1.03125,-0.078125,0.03125,walk_slow
-1.03125,-0.078125,0.03125,walk_slow
-1.03125,0.0,0.03125,walk_slow
-1.03125,0.015625,0.015625,walk_slow
-1.046875,0.015625,0.015625,walk_slow
-1.0625,0.0,0.0,walk_slow
-1.078125,0.0,0.0,walk_slow
-1.09375,0.015625,-0.015625,walk_slow
-1.078125,0.0625,-0.0625,walk_slow
-1.09375,0.078125,-0.0625,walk_slow
-1.09375,0.078125,-0.0625,walk_slow
-1.1875,0.390625,-0.0625,walk_slow
-1.109375,0.375,-0.046875,walk_slow
-1.078125,0.375,-0.046875,walk_slow
-1.078125,0.328125,0.0,walk_slow
-1.0625,0.3125,0.046875,walk_slow
-1.046875,0.234375,0.078125,walk_slow
-0.953125,0.140625,0.0625,walk_slow
-0.890625,0.015625,0.015625,walk_slow
-0.796875,-0.09375,-0.015625,walk_slow
-0.734375,-0.359375,0.171875,walk_slow
-0.703125,-0.296875,0.140625,walk_slow
-0.703125,-0.1875,0.0625,walk_slow
-0.765625,-0.078125,0.015625,walk_slow
-0.78125,0.046875,-0.0625,walk_slow
-0.828125,0.171875,-0.125,walk_slow
-0.828125,0.28125,-0.140625,walk_slow
-0.84375,0.375,-0.15625,walk_slow
-0.796875,0.390625,-0.15625,walk_slow
-1.0,0.015625,-0.015625,walk_slow
-0.984375,-0.046875,-0.015625,walk_slow
-0.96875,-0.09375,-0.015625,walk_slow
-0.96875,-0.125,-0.03125,walk_slow
-0.984375,-0.140625,-0.015625,walk_slow
-1.0,-0.1875,-0.015625,walk_slow
-1.015625,-0.203125,0.0,walk_slow
-1.03125,-0.21875,0.0,walk_slow
-1.03125,-0.21875,-0.015625,walk_slow
-1.03125,-0.046875,0.0625,walk_slow
-1.015625,-0.03125,0.0625,walk_slow
-1.0,-0.03125,0.0625,walk_slow
-1.0,-0.046875,0.046875,walk_slow
-1.0,-0.078125,0.015625,walk_slow
-1.03125,-0.09375,0.03125,walk_slow
-1.03125,-0.078125,0.03125,walk_slow
-1.015625,-0.109375,0.015625,walk_slow
-1.0,-0.15625,0.0,walk_slow
0.4375,1.09375,-0.25,walk_slow
0.453125,1.03125,-0.3125,walk_slow
0.125,0.546875,-0.03125,walk_slow
-0.421875,0.109375,0.046875,walk_slow
-1.25,-0.203125,-0.203125,walk_slow
-2.265625,-0.5625,-0.03125,walk_slow
-2.15625,-0.84375,0.1875,walk_slow
-1.8125,-1.609375,-0.09375,walk_slow
-1.484375,-1.53125,-0.25,walk_slow
-1.0,-0.078125,0.078125,walk_slow
-1.0,-0.078125,0.078125,walk_slow
-1.0,-0.078125,0.09375,walk_slow
-1.015625,-0.078125,0.09375,walk_slow
-1.015625,-0.078125,0.109375,walk_slow
-1.015625,-0.09375,0.109375,walk_slow
-1.015625,-0.09375,0.109375,walk_slow
-1.0,-0.109375,0.109375,walk_slow
-1.0,-0.125,0.109375,walk_slow
-1.140625,-0.046875,0.3125,walk_slow
-1.140625,-0.0625,0.328125,walk_slow
-1.125,-0.0625,0.34375,walk_slow
-1.09375,-0.078125,0.3125,walk_slow
-1.046875,-0.109375,0.25,walk_slow
-1.015625,-0.125,0.1875,walk_slow
-0.984375,-0.140625,0.140625,walk_slow
-0.96875,-0.171875,0.125,walk_slow
-0.953125,-0.1875,0.125,walk_slow
-1.5,0.015625,0.0625,walk_slow
-1.46875,-0.125,0.109375,walk_slow
-1.40625,-0.203125,0.09375,walk_slow
-1.328125,-0.21875,0.078125,walk_slow
-1.296875,-0.15625,0.03125,walk_slow
-1.328125,-0.03125,-0.203125,walk_slow
-1.34375,0.109375,-0.4375,walk_slow
-1.296875,0.265625,-0.453125,walk_slow
-1.328125,0.390625,-0.453125,walk_slow
-1.03125,-0.21875,0.234375,walk_fast
-0.9375,-0.140625,0.296875,walk_fast
-0.96875,-0.1875,0.609375,walk_fast
-1.015625,-0.0625,0.078125,walk_fast
-0.953125,0.0,0.140625,walk_fast
-0.9375,0.03125,0.125,walk_fast
-0.984375,0.0,0.015625,walk_fast
-1.0625,-0.125,0.0,walk_fast
-1.171875,-0.296875,-0.0625,walk_fast
-1.4375,0.0625,-0.21875,walk_fast
-1.53125,0.0625,-0.359375,walk_fast
-1.609375,-0.0625,-0.375,walk_fast
-1.671875,-0.359375,-0.4375,walk_fast
-1.640625,-0.671875,-0.53125,walk_fast
-1.609375,-0.78125,-0.5,walk_fast
-1.5625,-0.71875,-0.46875,walk_fast
-1.578125,-0.546875,-0.5625,walk_fast
-1.59375,-0.3125,-0.6875,walk_fast
-0.96875,0.09375,-0.046875,walk_fast
-1.0,0.125,-0.015625,walk_fast
-0.984375,0.078125,0.046875,walk_fast
-0.953125,0.0,0.1875,walk_fast
-0.9375,-0.125,0.296875,walk_fast
-0.9375,-0.25,0.34375,walk_fast
-0.9375,-0.359375,0.28125,walk_fast
-0.953125,-0.453125,0.21875,walk_fast
-0.953125,-0.5,0.21875,walk_fast
-0.828125,-0.71875,-0.40625,walk_fast
-0.90625,-0.234375,-1.125,walk_fast
-0.84375,-0.03125,-1.328125,walk_fast
-0.953125,0.25,-0.71875,walk_fast
-1.28125,0.171875,0.015625,walk_fast
-1.359375,-0.03125,0.3125,walk_fast
-1.265625,-0.34375,0.34375,walk_fast
-1.359375,-0.53125,0.046875,walk_fast
-1.515625,-0.78125,-0.265625,walk_fast
-1.25,-0.28125,-0.078125,walk_fast
-1.296875,-0.21875,-0.125,walk_fast
-1.375,-0.21875,-0.125,walk_fast
-1.4375,-0.28125,-0.125,walk_fast
-1.4375,-0.328125,-0.09375,walk_fast
-1.359375,-0.265625,-0.0625,walk_fast
-1.265625,-0.140625,-0.09375,walk_fast
-1.203125,-0.015625,-0.171875,walk_fast
-1.203125,0.109375,-0.21875,walk_fast
-2.25,0.5,0.921875,walk_fast
-2.3125,0.59375,0.546875,walk_fast
-2.625,0.578125,-0.0625,walk_fast
-2.96875,0.34375,-0.203125,walk_fast
-3.03125,-0.03125,-0.140625,walk_fast
-2.640625,-0.25,-0.046875,walk_fast
-2.1875,-0.359375,0.140625,walk_fast
-1.84375,-0.328125,0.203125,walk_fast
-1.625,-0.265625,0.15625,walk_fast
-1.0,-0.4375,0.125,walk_fast
-0.984375,-0.453125,0.09375,walk_fast
-1.046875,-0.421875,0.125,walk_fast
-1.140625,-0.359375,0.203125,walk_fast
-1.21875,-0.265625,0.265625,walk_fast
-1.296875,-0.109375,0.171875,walk_fast
-1.359375,-0.125,0.109375,walk_fast
-1.453125,-0.28125,0.078125,walk_fast
-1.515625,-0.296875,0.109375,walk_fast
-1.140625,0.0,-0.21875,walk_fast
-1.109375,0.140625,-0.09375,walk_fast
-1.109375,0.171875,0.03125,walk_fast
-1.1875,0.015625,0.0625,walk_fast
-1.203125,-0.25,-0.015625,walk_fast
-1.125,-0.515625,-0.1875,walk_fast
-1.015625,-0.65625,-0.25,walk_fast
-1.046875,-0.703125,-0.25,walk_fast
-1.203125,-0.625,-0.265625,walk_fast
-1.078125,-0.765625,0.140625,walk_fast
-1.015625,-0.78125,0.125,walk_fast
-0.9375,-0.75,0.0625,walk_fast
-0.90625,-0.671875,0.0,walk_fast
-0.875,-0.609375,-0.0625,walk_fast
-0.859375,-0.578125,-0.109375,walk_fast
-0.8125,-0.59375,-0.046875,walk_fast
-0.78125,-0.609375,0.0625,walk_fast
-0.765625,-0.59375,0.078125,walk_fast
-1.75,-0.796875,-0.3125,walk_fast
-1.6875,-0.96875,-0.34375,walk_fast
-1.40625,-1.015625,-0.421875,walk_fast
-1.125,-0.859375,-0.4375,walk_fast
-1.0625,-0.578125,-0.375,walk_fast
-1.34375,-0.359375,-0.328125,walk_fast
-1.765625,-0.265625,0.015625,walk_fast
-1.828125,-0.0625,0.421875,walk_fast
-1.734375,0.109375,0.4375,walk_fast
-0.84375,-0.65625,-0.203125,walk_fast
-0.875,-0.640625,-0.1875,walk_fast
-0.9375,-0.5625,-0.203125,walk_fast
-1.015625,-0.515625,-0.296875,walk_fast
-1.015625,-0.390625,-0.390625,walk_fast
-0.96875,-0.4375,-0.4375,walk_fast
-0.859375,-0.484375,-0.40625,walk_fast
-0.765625,-0.53125,-0.34375,walk_fast
-0.6875,-0.640625,-0.296875,walk_fast
-1.1875,0.421875,1.09375,walk_fast
-0.75,0.375,0.921875,walk_fast
-0.53125,0.4375,0.734375,walk_fast
-0.40625,0.84375,0.921875,walk_fast
-0.296875,0.453125,0.71875,walk_fast
-0.53125,-0.140625,0.578125,walk_fast
-1.015625,-0.453125,0.484375,walk_fast
-1.6875,-0.203125,0.421875,walk_fast
-1.703125,-0.125,0.25,walk_fast
0.03125,0.125,-0.1875,walk_fast
0.15625,0.375,-0.21875,walk_fast
0.125,0.4375,-0.25,walk_fast
0.046875,0.40625,-0.34375,walk_fast
0.03125,0.234375,-0.4375,walk_fast
0.0,-0.03125,-0.34375,walk_fast
-0.140625,-0.28125,-0.171875,walk_fast
-0.453125,-0.65625,-0.078125,walk_fast
-1.390625,-1.359375,-0.3125,walk_fast
-0.265625,0.484375,0.09375,walk_fast
-0.203125,0.46875,0.0625,walk_fast
-0.140625,0.46875,0.0625,walk_fast
-0.1875,0.53125,0.109375,walk_fast
-0.234375,0.578125,0.171875,walk_fast
-0.28125,0.578125,0.234375,walk_fast
-0.28125,0.5,0.3125,walk_fast
-0.265625,0.40625,0.3125,walk_fast
-0.15625,0.296875,0.296875,walk_fast
-1.296875,-0.171875,-0.09375,walk_fast
-1.40625,-0.171875,-0.125,walk_fast
-1.546875,-0.21875,-0.140625,walk_fast
-1.625,-0.28125,-0.15625,walk_fast
-1.625,-0.296875,-0.171875,walk_fast
-1.625,-0.25,-0.21875,walk_fast
-1.515625,-0.1875,-0.265625,walk_fast
-1.34375,-0.109375,-0.359375,walk_fast
-1.1875,0.078125,-0.46875,walk_fast
-1.421875,-0.375,-0.046875,walk_fast
-1.4375,-0.34375,-0.125,walk_fast
-1.453125,-0.3125,-0.1875,walk_fast
-1.484375,-0.28125,-0.234375,walk_fast
-1.546875,-0.1875,-0.25,walk_fast
-1.578125,-0.03125,-0.28125,walk_fast
-1.53125,0.171875,-0.328125,walk_fast
-1.453125,0.375,-0.390625,walk_fast
-1.34375,0.59375,-0.40625,walk_fast
-0.703125,-0.03125,0.078125,walk_fast
-0.640625,-0.15625,0.125,walk_fast
-0.59375,-0.171875,0.140625,walk_fast
-0.53125,-0.171875,0.1875,walk_fast
-0.5,-0.125,0.21875,walk_fast
-0.46875,-0.09375,0.234375,walk_fast
-0.40625,-0.078125,0.25,walk_fast
-0.359375,-0.078125,0.25,walk_fast
-0.3125,-0.0625,0.234375,walk_fast
-0.4375,-0.296875,-0.078125,walk_fast
-0.796875,-0.296875,-0.671875,walk_fast
-1.3125,-0.125,-1.375,walk_fast
-2.359375,0.015625,-2.875,walk_fast
-3.765625,0.109375,-3.546875,walk_fast
-3.28125,-0.546875,-1.59375,walk_fast
-1.84375,-0.90625,-0.765625,walk_fast
-1.15625,-0.78125,-0.25,walk_fast
-0.96875,-0.34375,0.1875,walk_fast
-0.84375,-0.78125,-1.265625,walk_fast
0.0625,-0.453125,-0.71875,walk_fast
0.609375,-0.203125,-0.125,walk_fast
0.234375,0.21875,0.03125,walk_fast
-0.828125,0.578125,0.609375,walk_fast
-1.59375,0.75,1.578125,walk_fast
-1.734375,0.484375,2.03125,walk_fast
-1.375,0.609375,1.25,walk_fast
-1.328125,-0.015625,-0.15625,walk_fast
-0.984375,-0.21875,0.375,walk_fast
-0.953125,-0.203125,0.296875,walk_fast
-0.953125,-0.15625,0.234375,walk_fast
-0.75,-0.15625,0.140625,walk_fast
-0.90625,-0.390625,0.078125,walk_fast
-0.75,-0.25,0.171875,walk_fast
-0.59375,-0.21875,0.15625,walk_fast
-0.484375,-0.140625,0.140625,walk_fast
-0.40625,-0.078125,0.125,walk_fast
-1.125,-0.1875,-0.3125,walk_fast
-1.09375,-0.015625,-0.375,walk_fast
-1.015625,0.078125,-0.328125,walk_fast
-1.0,0.046875,-0.28125,walk_fast
-1.0625,-0.046875,-0.28125,walk_fast
-1.125,-0.234375,-0.3125,walk_fast
-1.140625,-0.453125,-0.265625,walk_fast
-1.125,-0.5625,-0.265625,walk_fast
-1.21875,-0.59375,-0.328125,walk_fast
0.75,-0.203125,1.359375,walk_fast
-0.03125,0.109375,3.046875,walk_fast
-0.71875,0.53125,0.28125,walk_fast
-2.5,-0.984375,-2.359375,walk_fast
-3.75,-2.359375,-0.28125,walk_fast
-1.421875,-1.25,0.359375,walk_fast
-0.640625,-0.015625,1.5,walk_fast
-0.015625,0.53125,0.984375,walk_fast
0.375,0.390625,-0.21875,walk_fast
-0.125,-0.109375,0.5,walk_fast
-0.109375,-0.109375,0.59375,walk_fast
-0.09375,-0.046875,0.796875,walk_fast
-0.140625,0.140625,0.96875,walk_fast
-0.265625,0.46875,0.9375,walk_fast
-0.5,0.53125,0.734375,walk_fast
-0.828125,0.328125,0.359375,walk_fast
-1.375,0.0,-0.40625,walk_fast
-3.8125,-1.03125,-2.8125,walk_fast
-1.640625,0.0,0.015625,walk_fast
-1.484375,0.140625,-0.078125,walk_fast
-1.328125,0.265625,-0.234375,walk_fast
-1.1875,0.171875,-0.25,walk_fast
-1.09375,-0.09375,-0.34375,walk_fast
-0.96875,-0.296875,-0.171875,walk_fast
-0.890625,-0.40625,-0.046875,walk_fast
-0.828125,-0.515625,0.0625,walk_fast
-0.828125,-0.40625,0.09375,walk_fast
-1.609375,-0.390625,0.15625,walk_fast
-1.734375,-0.21875,0.1875,walk_fast
-1.75,-0.09375,0.15625,walk_fast
-1.640625,0.0,0.109375,walk_fast
-1.46875,0.078125,0.078125,walk_fast
-1.296875,0.109375,0.0625,walk_fast
-1.15625,0.09375,0.078125,walk_fast
-1.03125,0.015625,0.078125,walk_fast
-0.953125,-0.078125,0.09375,walk_fast
-1.84375,-0.0625,-0.015625,walk_fast
-1.75,-0.15625,-0.046875,walk_fast
-1.609375,-0.125,-0.078125,walk_fast
-1.40625,0.0625,-0.171875,walk_fast
-1.28125,0.328125,-0.1875,walk_fast
-1.3125,0.65625,0.09375,walk_fast
-1.640625,0.796875,0.65625,walk_fast
-2.109375,0.75,0.828125,walk_fast
-2.046875,0.421875,0.765625,walk_fast
-1.046875,-0.6875,0.046875,walk_fast
-1.046875,-0.46875,-0.109375,walk_fast
-1.265625,-0.296875,-0.171875,walk_fast
-1.671875,-0.296875,-0.265625,walk_fast
-2.09375,-0.3125,-0.453125,walk_fast
-1.796875,-0.21875,-0.421875,walk_fast
-1.46875,-0.09375,-0.25,walk_fast
-1.53125,0.03125,-0.15625,walk_fast
-1.8125,0.046875,-0.15625,walk_fast
-0.59375,-0.15625,-0.203125,walk_fast
-0.484375,-0.171875,-0.203125,walk_fast
-0.40625,-0.1875,-0.046875,walk_fast
-0.328125,-0.171875,0.078125,walk_fast
-0.265625,-0.171875,0.09375,walk_fast
-0.234375,-0.09375,0.078125,walk_fast
-0.203125,0.0,0.0625,walk_fast
-0.234375,0.078125,0.0625,walk_fast
-0.171875,0.109375,0.03125,walk_fast
-1.046875,-0.203125,0.9375,walk_fast
-0.703125,0.109375,1.078125,walk_fast
-0.546875,0.21875,0.84375,walk_fast
-0.515625,0.109375,0.53125,walk_fast
-0.484375,0.0,0.359375,walk_fast
-0.5625,-0.046875,0.515625,walk_fast
-0.90625,-0.078125,0.5625,walk_fast
-1.1875,-0.21875,0.515625,walk_fast
-1.171875,-0.421875,0.359375,walk_fast
-0.890625,-0.34375,-0.125,walk_fast
-0.953125,-0.640625,-0.0625,walk_fast
-1.015625,-0.859375,0.0,walk_fast
-1.0,-0.96875,0.0625,walk_fast
-0.90625,-0.96875,0.15625,walk_fast
-0.84375,-0.859375,0.171875,walk_fast
-0.765625,-0.671875,0.0625,walk_fast
-0.734375,-0.40625,-0.078125,walk_fast
-0.71875,-0.15625,-0.15625,walk_fast
-1.078125,0.078125,-0.015625,walk_fast
-1.09375,0.0,0.0,walk_fast
-1.078125,-0.125,0.046875,walk_fast
-1.046875,-0.25,0.078125,walk_fast
-1.0,-0.34375,0.125,walk_fast
-0.9375,-0.40625,0.203125,walk_fast
-0.890625,-0.40625,0.265625,walk_fast
-0.859375,-0.359375,0.296875,walk_fast
-0.890625,-0.296875,0.296875,walk_fast
-0.609375,-0.421875,0.265625,walk_fast
-0.5625,-0.25,0.234375,walk_fast
-0.515625,-0.109375,0.1875,walk_fast
-0.453125,-0.015625,0.203125,walk_fast
-0.390625,0.03125,0.203125,walk_fast
-0.3125,0.078125,0.21875,walk_fast
-0.25,0.125,0.25,walk_fast
-0.1875,0.1875,0.3125,walk_fast
-0.140625,0.234375,0.359375,walk_fast
-0.8125,0.546875,0.09375,walk_fast
-0.59375,0.25,0.15625,walk_fast
-0.546875,-0.09375,0.234375,walk_fast
-0.640625,-0.453125,0.25,walk_fast
-0.765625,-0.546875,0.078125,walk_fast
-0.828125,-0.296875,0.0,walk_fast
-0.78125,0.125,-0.34375,walk_fast
-0.71875,0.484375,-0.703125,walk_fast
-0.71875,0.71875,-0.53125,walk_fast
-0.9375,0.0625,0.28125,standing
-0.953125,0.09375,0.28125,standing
-0.96875,0.109375,0.234375,standing
-0.96875,0.09375,0.25,standing
-0.96875,0.109375,0.234375,standing
-0.953125,0.09375,0.234375,standing
-0.953125,0.078125,0.234375,standing
-0.953125,0.078125,0.234375,standing
-0.96875,0.078125,0.296875,standing
-0.953125,-0.078125,0.359375,standing
-0.953125,-0.078125,0.359375,standing
-0.921875,-0.09375,0.34375,standing
-0.921875,-0.109375,0.34375,standing
-0.9375,-0.109375,0.34375,standing
-0.9375,-0.125,0.359375,standing
-0.9375,-0.125,0.359375,standing
-0.9375,-0.125,0.359375,standing
-0.9375,-0.09375,0.359375,standing
-1.0,-0.15625,0.1875,standing
-1.0,-0.171875,0.1875,standing
-0.984375,-0.1875,0.1875,standing
-1.015625,-0.203125,0.171875,standing
-1.046875,-0.203125,0.15625,standing
-1.046875,-0.15625,0.171875,standing
-1.03125,-0.078125,0.1875,standing
-1.0,0.0,0.234375,standing
-0.984375,0.078125,0.21875,standing
-0.984375,-0.09375,-0.28125,standing
-0.984375,-0.09375,-0.265625,standing
-0.984375,-0.078125,-0.28125,standing
-0.984375,-0.078125,-0.28125,standing
-0.984375,-0.0625,-0.28125,standing
-0.984375,-0.0625,-0.28125,standing
-0.984375,-0.0625,-0.28125,standing
-0.984375,-0.03125,-0.28125,standing
-0.984375,-0.015625,-0.28125,standing
-0.96875,-0.21875,0.28125,standing
-0.984375,-0.21875,0.265625,standing
-0.96875,-0.203125,0.28125,standing
-0.984375,-0.15625,0.28125,standing
-0.984375,-0.125,0.265625,standing
-0.984375,-0.09375,0.25,standing
-1.0,-0.09375,0.21875,standing
-1.0,-0.09375,0.203125,standing
-1.0,-0.09375,0.21875,standing
-0.96875,-0.328125,-0.15625,standing
-0.984375,-0.328125,-0.15625,standing
-0.96875,-0.328125,-0.171875,standing
-0.984375,-0.34375,-0.171875,standing
-0.984375,-0.34375,-0.15625,standing
-0.984375,-0.34375,-0.140625,standing
-0.984375,-0.34375,-0.140625,standing
-0.984375,-0.3125,-0.125,standing
-0.984375,-0.296875,-0.125,standing
-1.0,-0.03125,-0.171875,standing
-1.0,-0.046875,-0.171875,standing
-1.0,-0.03125,-0.15625,standing
-1.015625,-0.046875,-0.15625,standing
-1.03125,-0.046875,-0.15625,standing
-1.03125,-0.046875,-0.125,standing
-1.015625,-0.046875,-0.140625,standing
-1.046875,-0.078125,-0.15625,standing
-1.046875,-0.046875,-0.140625,standing
-0.984375,-0.046875,0.109375,standing
-0.984375,-0.046875,0.109375,standing
-0.984375,-0.046875,0.109375,standing
-0.984375,-0.046875,0.109375,standing
-0.984375,-0.046875,0.109375,standing
-0.984375,-0.046875,0.109375,standing
-0.984375,-0.03125,0.109375,standing
-0.984375,-0.03125,0.109375,standing
-0.984375,-0.015625,0.109375,standing
-0.953125,-0.078125,0.234375,standing
-0.953125,-0.078125,0.234375,standing
-0.953125,-0.078125,0.234375,standing
-0.953125,-0.09375,0.234375,standing
-0.9375,-0.09375,0.21875,standing
-0.9375,-0.09375,0.21875,standing
-0.953125,-0.109375,0.21875,standing
-0.953125,-0.125,0.234375,standing
-0.96875,-0.140625,0.21875,standing
-1.015625,-0.109375,0.140625,standing
-1.015625,-0.109375,0.140625,standing
-1.015625,-0.109375,0.125,standing
-1.0,-0.109375,0.140625,standing
-1.015625,-0.09375,0.140625,standing
-1.015625,-0.09375,0.140625,standing
-1.015625,-0.09375,0.140625,standing
-1.015625,-0.09375,0.125,standing
-1.015625,-0.109375,0.140625,standing
-1.0,-0.203125,-0.109375,standing
-0.984375,-0.203125,-0.109375,standing
-1.0,-0.203125,-0.109375,standing
-1.0,-0.203125,-0.109375,standing
-1.0,-0.203125,-0.109375,standing
-1.015625,-0.203125,-0.09375,standing
-1.015625,-0.203125,-0.109375,standing
-1.0,-0.21875,-0.09375,standing
-1.0,-0.234375,-0.109375,standing
-0.984375,0.0625,0.203125,standing
-0.96875,0.046875,0.203125,standing
-0.96875,0.0625,0.203125,standing
-0.984375,0.0625,0.203125,standing
-0.96875,0.0625,0.203125,standing
-0.96875,0.0625,0.203125,standing
-0.96875,0.0625,0.203125,standing
-0.96875,0.046875,0.203125,standing
-0.96875,0.046875,0.203125,standing
-1.015625,-0.21875,0.0625,standing
-1.0,-0.234375,0.09375,standing
-0.984375,-0.203125,0.09375,standing
-0.96875,-0.21875,0.046875,standing
-0.953125,-0.21875,0.03125,standing
-0.953125,-0.1875,0.015625,standing
-0.96875,-0.1875,0.03125,standing
-0.96875,-0.203125,0.03125,standing
-0.96875,-0.203125,0.015625,standing
-0.9375,0.234375,0.125,standing
-0.90625,0.234375,0.140625,standing
-0.9375,0.234375,0.15625,standing
-0.96875,0.25,0.171875,standing
-0.984375,0.265625,0.15625,standing
-0.984375,0.28125,0.125,standing
-0.984375,0.265625,0.09375,standing
-1.0,0.25,0.078125,standing
-1.015625,0.234375,0.0625,standing
-0.984375,0.0,0.15625,standing
-0.96875,0.046875,0.171875,standing
-0.953125,0.0625,0.171875,standing
-0.953125,0.078125,0.171875,standing
-0.9375,0.0625,0.171875,standing
-0.9375,0.015625,0.140625,standing
-0.953125,-0.03125,0.140625,standing
-0.96875,-0.09375,0.125,standing
-0.984375,-0.140625,0.125,standing
-0.984375,0.03125,0.1875,standing
-0.984375,0.015625,0.1875,standing
-0.984375,0.03125,0.1875,standing
-0.984375,0.03125,0.1875,standing
-1.0,0.03125,0.171875,standing
-0.984375,0.03125,0.1875,standing
-0.984375,0.046875,0.1875,standing
-0.984375,0.046875,0.1875,standing
-0.984375,0.046875,0.1875,standing
-1.015625,-0.140625,0.015625,standing
-1.015625,-0.125,0.015625,standing
-1.015625,-0.125,0.015625,standing
-1.015625,-0.109375,0.015625,standing
-1.015625,-0.109375,0.015625,standing
-1.015625,-0.109375,0.015625,standing
-1.015625,-0.109375,0.015625,standing
-1.015625,-0.109375,0.03125,standing
-1.015625,-0.09375,0.03125,standing
-0.984375,0.0,0.09375,standing
-0.984375,0.0,0.09375,standing
-1.0,0.0,0.09375,standing
-0.984375,0.0,0.09375,standing
-0.984375,0.0,0.09375,standing
-1.0,0.0,0.09375,standing
-1.0,0.0,0.09375,standing
-0.984375,0.0,0.09375,standing
-0.984375,0.0,0.09375,standing
-1.0,-0.140625,0.140625,standing
-1.0,-0.125,0.125,standing
-1.0,-0.140625,0.125,standing
-1.0,-0.140625,0.125,standing
-1.0,-0.140625,0.125,standing
-1.0,-0.140625,0.140625,standing
-1.0,-0.140625,0.140625,standing
-1.0,-0.140625,0.140625,standing
-1.0,-0.140625,0.140625,standing
-0.984375,-0.40625,-0.3125,standing
-1.015625,-0.28125,-0.34375,standing
-1.0,-0.15625,-0.390625,standing
-0.953125,-0.046875,-0.4375,standing
-0.890625,0.015625,-0.46875,standing
-0.859375,0.046875,-0.484375,standing
-0.84375,0.03125,-0.4375,standing
-0.859375,0.0,-0.375,standing
-0.890625,-0.046875,-0.359375,standing
-0.96875,-0.21875,0.09375,standing
-0.96875,-0.203125,0.109375,standing
-0.96875,-0.21875,0.109375,standing
-0.984375,-0.21875,0.109375,standing
-0.984375,-0.234375,0.109375,standing
-0.984375,-0.234375,0.109375,standing
-0.984375,-0.234375,0.09375,standing
-0.984375,-0.234375,0.09375,standing
-0.984375,-0.21875,0.109375,standing
-1.0,-0.03125,0.0,standing
-1.03125,-0.03125,-0.015625,standing
-1.046875,-0.03125,-0.015625,standing
-1.0625,-0.015625,0.0,standing
-1.046875,0.0,0.015625,standing
-1.046875,0.0,0.015625,standing
-1.046875,0.0,0.03125,standing
-1.03125,0.0,0.03125,standing
-1.03125,0.0,0.03125,standing
-0.96875,-0.140625,0.234375,standing
-0.984375,-0.140625,0.234375,standing
-1.0,-0.125,0.234375,standing
-1.0,-0.109375,0.234375,standing
-1.0,-0.109375,0.234375,standing
-0.984375,-0.109375,0.234375,standing
-0.984375,-0.109375,0.25,standing
-0.984375,-0.125,0.265625,standing
-0.984375,-0.140625,0.265625,standing
-1.015625,0.0,0.0,standing
-1.0,-0.015625,0.0,standing
-1.015625,-0.0625,0.0,standing
-1.046875,-0.078125,0.0,standing
-1.0625,-0.109375,-0.015625,standing
-1.078125,-0.109375,0.0,standing
-1.0625,-0.09375,0.0,standing
-1.03125,-0.0625,0.0,standing
-1.0,-0.015625,0.015625,standing
-0.921875,0.140625,-0.40625,standing
-0.921875,0.140625,-0.421875,standing
-0.921875,0.140625,-0.40625,standing
-0.921875,0.140625,-0.40625,standing
-0.921875,0.15625,-0.40625,standing
-0.9375,0.15625,-0.40625,standing
-0.921875,0.15625,-0.40625,standing
-0.921875,0.171875,-0.40625,standing
-0.921875,0.171875,-0.421875,standing
-0.984375,0.0,0.140625,standing
-0.984375,0.0,0.15625,standing
-0.984375,0.0,0.15625,standing
-0.984375,0.0,0.171875,standing
-0.984375,-0.015625,0.171875,standing
-0.984375,-0.03125,0.15625,standing
-1.0,-0.046875,0.140625,standing
-1.0,-0.046875,0.125,standing
-0.984375,-0.0625,0.125,standing
-1.0,-0.046875,0.015625,standing
-1.0,-0.046875,0.015625,standing
-1.0,-0.046875,0.015625,standing
-1.0,-0.046875,0.015625,standing
-1.0,-0.046875,0.015625,standing
-1.0,-0.046875,0.015625,standing
-1.0,-0.046875,0.03125,standing
-1.0,-0.046875,0.015625,standing
-1.0,-0.046875,0.015625,standing
-1.03125,-0.046875,-0.0625,standing
-1.03125,-0.046875,-0.046875,standing
-1.03125,-0.046875,-0.0625,standing
-1.03125,-0.046875,-0.046875,standing
-1.03125,-0.046875,-0.046875,standing
-1.03125,-0.03125,-0.046875,standing
-1.015625,-0.03125,-0.046875,standing
-1.015625,-0.015625,-0.046875,standing
-1.015625,-0.03125,-0.046875,standing
-0.984375,0.0625,0.265625,standing
-0.984375,0.0625,0.265625,standing
-0.984375,0.046875,0.265625,standing
-1.0,0.046875,0.25,standing
-1.0,0.03125,0.25,standing
-1.015625,0.015625,0.25,standing
-1.015625,0.0,0.234375,standing
-1.0,0.0,0.234375,standing
-1.0,0.0,0.21875,standing
-0.96875,-0.21875,0.171875,standing
-0.96875,-0.234375,0.15625,standing
-0.96875,-0.234375,0.171875,standing
-0.96875,-0.234375,0.171875,standing
-0.96875,-0.234375,0.171875,standing
-0.984375,-0.234375,0.171875,standing
-0.96875,-0.234375,0.15625,standing
-0.984375,-0.234375,0.15625,standing
-0.96875,-0.234375,0.15625,standing
-0.984375,-0.15625,0.125,standing
-0.984375,-0.15625,0.109375,standing
-1.0,-0.15625,0.109375,standing
-1.0,-0.140625,0.109375,standing
-1.0,-0.140625,0.09375,standing
-1.015625,-0.125,0.09375,standing
-1.0,-0.09375,0.09375,standing
-1.0,-0.09375,0.09375,standing
-1.0,-0.078125,0.09375,standing
-0.96875,-0.0625,0.1875,standing
-0.953125,-0.0625,0.203125,standing
-0.953125,-0.046875,0.203125,standing
-0.953125,-0.046875,0.203125,standing
-0.96875,-0.03125,0.203125,standing
-0.984375,-0.015625,0.203125,standing
-0.984375,-0.03125,0.1875,standing
-0.984375,-0.03125,0.1875,standing
-0.984375,-0.046875,0.171875,standing
-0.984375,0.03125,-0.21875,standing
-0.984375,0.03125,-0.203125,standing
-0.984375,0.015625,-0.203125,standing
-0.984375,0.03125,-0.203125,standing
-0.984375,0.015625,-0.1875,standing
-0.984375,0.015625,-0.1875,standing
-0.984375,0.015625,-0.1875,standing
-0.984375,0.0,-0.1875,standing
-1.0,0.015625,-0.1875,standing
-0.15625,-0.109375,-1.0,sitting
-0.171875,-0.125,-0.984375,sitting
-0.15625,-0.140625,-0.984375,sitting
-0.15625,-0.15625,-1.0,sitting
-0.15625,-0.140625,-0.984375,sitting
-0.15625,-0.140625,-1.0,sitting
-0.171875,-0.140625,-1.0,sitting
-0.171875,-0.140625,-1.0,sitting
-0.171875,-0.140625,-1.0,sitting
-0.234375,-0.328125,-0.984375,sitting
-0.15625,-0.34375,-0.96875,sitting
-0.09375,-0.34375,-0.96875,sitting
-0.0625,-0.296875,-0.96875,sitting
-0.046875,-0.25,-0.984375,sitting
-0.046875,-0.1875,-1.0,sitting
-0.078125,-0.125,-1.015625,sitting
-0.109375,-0.0625,-1.0,sitting
-0.15625,0.015625,-0.96875,sitting
-0.078125,-0.125,-1.015625,sitting
-0.078125,-0.125,-1.015625,sitting
-0.078125,-0.125,-1.015625,sitting
-0.078125,-0.140625,-1.015625,sitting
-0.078125,-0.140625,-1.015625,sitting
-0.078125,-0.140625,-1.015625,sitting
-0.078125,-0.140625,-1.015625,sitting
-0.078125,-0.140625,-1.015625,sitting
-0.078125,-0.140625,-1.0,sitting
-0.28125,-0.34375,-0.953125,sitting
-0.234375,-0.28125,-0.921875,sitting
-0.234375,-0.25,-0.890625,sitting
-0.234375,-0.25,-0.890625,sitting
-0.25,-0.265625,-0.890625,sitting
-0.25,-0.28125,-0.890625,sitting
-0.25,-0.3125,-0.90625,sitting
-0.234375,-0.34375,-0.9375,sitting
-0.234375,-0.359375,-0.953125,sitting
-0.09375,-0.234375,-1.0,sitting
-0.09375,-0.21875,-1.015625,sitting
-0.09375,-0.21875,-1.0,sitting
-0.078125,-0.21875,-1.0,sitting
-0.09375,-0.21875,-1.015625,sitting
-0.09375,-0.21875,-1.015625,sitting
-0.09375,-0.203125,-1.0,sitting
-0.09375,-0.203125,-1.0,sitting
-0.09375,-0.203125,-1.0,sitting
-0.0625,-0.59375,-1.0,sitting
-0.046875,-0.546875,-0.921875,sitting
-0.0625,-0.5,-0.859375,sitting
-0.109375,-0.40625,-0.890625,sitting
-0.171875,-0.296875,-0.96875,sitting
-0.21875,-0.21875,-1.03125,sitting
-0.21875,-0.203125,-1.078125,sitting
-0.21875,-0.171875,-1.0625,sitting
-0.234375,-0.125,-1.046875,sitting
-0.078125,-0.3125,-0.984375,sitting
-0.078125,-0.3125,-0.96875,sitting
-0.078125,-0.296875,-0.96875,sitting
-0.078125,-0.296875,-0.96875,sitting
-0.078125,-0.296875,-0.96875,sitting
-0.078125,-0.3125,-0.984375,sitting
-0.078125,-0.3125,-0.984375,sitting
-0.078125,-0.3125,-0.984375,sitting
-0.09375,-0.3125,-0.984375,sitting
-0.265625,-0.265625,-0.90625,sitting
-0.265625,-0.28125,-0.90625,sitting
-0.265625,-0.28125,-0.921875,sitting
-0.265625,-0.28125,-0.9375,sitting
-0.265625,-0.28125,-0.9375,sitting
-0.265625,-0.28125,-0.953125,sitting
-0.28125,-0.296875,-0.96875,sitting
-0.28125,-0.296875,-0.96875,sitting
-0.28125,-0.328125,-0.96875,sitting
-0.484375,-0.15625,-0.90625,sitting
-0.484375,-0.15625,-0.921875,sitting
-0.484375,-0.171875,-0.90625,sitting
-0.46875,-0.171875,-0.921875,sitting
-0.46875,-0.171875,-0.90625,sitting
-0.46875,-0.1875,-0.921875,sitting
-0.46875,-0.171875,-0.921875,sitting
-0.46875,-0.171875,-0.921875,sitting
-0.46875,-0.15625,-0.921875,sitting
-0.0625,-0.125,-0.96875,sitting
-0.03125,-0.125,-0.984375,sitting
-0.015625,-0.125,-1.0,sitting
0.0,-0.140625,-1.015625,sitting
-0.015625,-0.140625,-1.015625,sitting
-0.015625,-0.140625,-1.0,sitting
-0.03125,-0.125,-0.984375,sitting
-0.015625,-0.109375,-1.0,sitting
0.0,-0.125,-1.015625,sitting
0.0,-0.546875,-0.90625,sitting
0.0,-0.5625,-0.90625,sitting
-0.015625,-0.5625,-0.90625,sitting
-0.015625,-0.5625,-0.890625,sitting
-0.015625,-0.546875,-0.90625,sitting
-0.015625,-0.546875,-0.890625,sitting
-0.015625,-0.546875,-0.890625,sitting
-0.015625,-0.546875,-0.890625,sitting
-0.03125,-0.546875,-0.90625,sitting
0.015625,-0.671875,-0.8125,sitting
0.015625,-0.6875,-0.8125,sitting
0.015625,-0.6875,-0.8125,sitting
0.015625,-0.703125,-0.8125,sitting
0.0,-0.6875,-0.8125,sitting
0.0,-0.6875,-0.8125,sitting
0.015625,-0.6875,-0.796875,sitting
0.015625,-0.6875,-0.796875,sitting
0.015625,-0.671875,-0.796875,sitting
-0.03125,0.09375,-1.0625,sitting
0.015625,0.109375,-1.03125,sitting
0.03125,0.109375,-1.0,sitting
0.078125,0.09375,-1.0,sitting
0.09375,0.03125,-1.0,sitting
0.078125,0.0,-0.984375,sitting
0.078125,-0.046875,-0.96875,sitting
0.09375,-0.109375,-0.9375,sitting
0.109375,-0.125,-0.90625,sitting
-0.140625,0.25,-0.96875,sitting
-0.125,0.28125,-0.953125,sitting
-0.125,0.3125,-0.953125,sitting
-0.140625,0.34375,-0.953125,sitting
-0.15625,0.375,-0.953125,sitting
-0.1875,0.375,-0.9375,sitting
-0.1875,0.375,-0.921875,sitting
-0.203125,0.375,-0.921875,sitting
-0.203125,0.375,-0.90625,sitting
-0.109375,-0.140625,-1.0,sitting
-0.09375,-0.140625,-1.0,sitting
-0.09375,-0.140625,-1.015625,sitting
-0.109375,-0.140625,-1.015625,sitting
-0.109375,-0.140625,-1.0,sitting
-0.125,-0.140625,-1.015625,sitting
-0.125,-0.140625,-1.015625,sitting
-0.125,-0.140625,-1.015625,sitting
-0.125,-0.140625,-1.015625,sitting
-0.328125,0.078125,-0.96875,sitting
-0.3125,0.0625,-0.96875,sitting
-0.328125,0.078125,-0.96875,sitting
-0.328125,0.0625,-0.96875,sitting
-0.328125,0.078125,-0.96875,sitting
-0.328125,0.078125,-0.96875,sitting
-0.328125,0.078125,-0.96875,sitting
-0.3125,0.078125,-0.96875,sitting
-0.328125,0.09375,-0.953125,sitting
-0.28125,-0.21875,-1.09375,sitting
-0.265625,-0.1875,-1.109375,sitting
-0.1875,-0.1875,-1.109375,sitting
-0.140625,-0.171875,-1.078125,sitting
-0.140625,-0.171875,-1.03125,sitting
-0.15625,-0.15625,-1.015625,sitting
-0.15625,-0.140625,-0.96875,sitting
-0.109375,-0.140625,-0.921875,sitting
-0.046875,-0.140625,-0.859375,sitting
-0.09375,0.0,-1.0,sitting
-0.09375,0.0,-1.015625,sitting
-0.09375,0.0,-1.015625,sitting
-0.09375,0.0,-1.015625,sitting
-0.109375,0.0,-1.015625,sitting
-0.09375,0.0,-1.0,sitting
-0.109375,0.0,-1.0,sitting
-0.09375,-0.015625,-1.0,sitting
-0.109375,-0.015625,-1.015625,sitting
-0.09375,-0.53125,-0.90625,sitting
-0.078125,-0.53125,-0.890625,sitting
-0.078125,-0.515625,-0.890625,sitting
-0.078125,-0.515625,-0.890625,sitting
-0.078125,-0.515625,-0.890625,sitting
-0.078125,-0.515625,-0.90625,sitting
-0.078125,-0.515625,-0.90625,sitting
-0.0625,-0.5,-0.90625,sitting
-0.0625,-0.5,-0.90625,sitting
-0.125,-0.140625,-1.0,sitting
-0.125,-0.15625,-1.0,sitting
-0.125,-0.15625,-1.0,sitting
-0.125,-0.15625,-1.0,sitting
-0.125,-0.15625,-1.015625,sitting
-0.109375,-0.15625,-1.0,sitting
-0.125,-0.15625,-1.015625,sitting
-0.109375,-0.140625,-1.0,sitting
-0.125,-0.140625,-1.0,sitting
-0.171875,0.015625,-0.984375,sitting
-0.171875,0.03125,-1.0,sitting
-0.171875,0.015625,-1.0,sitting
-0.1875,0.015625,-1.0,sitting
-0.203125,0.015625,-1.015625,sitting
-0.203125,0.015625,-1.015625,sitting
-0.21875,0.015625,-1.03125,sitting
-0.234375,0.015625,-1.03125,sitting
-0.25,0.015625,-1.015625,sitting
-0.109375,-0.09375,-1.015625,sitting
-0.09375,-0.09375,-1.015625,sitting
-0.09375,-0.09375,-1.0,sitting
-0.078125,-0.09375,-1.0,sitting
-0.078125,-0.09375,-1.0,sitting
-0.078125,-0.09375,-1.015625,sitting
-0.078125,-0.078125,-1.015625,sitting
-0.078125,-0.078125,-1.015625,sitting
-0.078125,-0.0625,-1.015625,sitting
-0.078125,-0.21875,-0.984375,sitting
-0.078125,-0.234375,-1.0,sitting
-0.078125,-0.21875,-1.0,sitting
-0.078125,-0.234375,-1.0,sitting
-0.078125,-0.234375,-0.984375,sitting
-0.078125,-0.21875,-0.984375,sitting
-0.078125,-0.234375,-0.984375,sitting
-0.078125,-0.21875,-0.984375,sitting
-0.078125,-0.234375,-1.0,sitting
-0.25,-0.34375,-0.96875,sitting
-0.234375,-0.328125,-0.953125,sitting
-0.21875,-0.3125,-0.9375,sitting
-0.203125,-0.3125,-0.921875,sitting
-0.203125,-0.3125,-0.90625,sitting
-0.21875,-0.34375,-0.90625,sitting
-0.25,-0.375,-0.921875,sitting
-0.28125,-0.40625,-0.9375,sitting
-0.296875,-0.4375,-0.953125,sitting
-0.046875,-0.0625,-1.015625,sitting
-0.046875,-0.046875,-1.015625,sitting
-0.046875,-0.046875,-1.015625,sitting
-0.03125,-0.0625,-1.015625,sitting
-0.046875,-0.078125,-1.03125,sitting
-0.046875,-0.078125,-1.03125,sitting
-0.046875,-0.078125,-1.03125,sitting
-0.046875,-0.0625,-1.03125,sitting
-0.046875,-0.0625,-1.03125,sitting
-0.1875,-0.21875,-0.984375,sitting
-0.1875,-0.21875,-0.984375,sitting
-0.1875,-0.21875,-0.984375,sitting
-0.1875,-0.21875,-0.984375,sitting
-0.1875,-0.234375,-0.984375,sitting
-0.1875,-0.234375,-0.96875,sitting
-0.171875,-0.234375,-0.96875,sitting
-0.1875,-0.234375,-0.96875,sitting
-0.1875,-0.234375,-0.96875,sitting
-0.28125,-0.65625,-0.734375,sitting
-0.28125,-0.65625,-0.734375,sitting
-0.28125,-0.65625,-0.71875,sitting
-0.28125,-0.65625,-0.71875,sitting
-0.28125,-0.65625,-0.71875,sitting
-0.28125,-0.671875,-0.71875,sitting
-0.28125,-0.671875,-0.71875,sitting
-0.28125,-0.6875,-0.71875,sitting
-0.28125,-0.703125,-0.703125,sitting
-0.1875,-0.046875,-1.0,sitting
-0.1875,-0.0625,-1.0,sitting
-0.1875,-0.0625,-1.0,sitting
-0.1875,-0.0625,-1.0,sitting
-0.1875,-0.0625,-1.015625,sitting
-0.1875,-0.0625,-1.0,sitting
-0.1875,-0.0625,-1.0,sitting
-0.1875,-0.0625,-1.0,sitting
-0.1875,-0.0625,-1.0,sitting
-0.40625,0.09375,-0.96875,sitting
-0.359375,0.109375,-0.90625,sitting
-0.34375,0.125,-0.890625,sitting
-0.328125,0.125,-0.875,sitting
-0.328125,0.125,-0.890625,sitting
-0.328125,0.125,-0.90625,sitting
-0.359375,0.09375,-0.953125,sitting
-0.359375,0.0625,-0.96875,sitting
-0.375,0.03125,-0.953125,sitting
-0.0625,-0.28125,-0.9375,sitting
-0.0625,-0.28125,-0.9375,sitting
-0.046875,-0.28125,-0.9375,sitting
-0.046875,-0.28125,-0.9375,sitting
-0.046875,-0.28125,-0.9375,sitting
-0.046875,-0.28125,-0.953125,sitting
-0.03125,-0.28125,-0.953125,sitting
-0.046875,-0.28125,-0.953125,sitting
-0.046875,-0.265625,-0.953125,sitting
-0.203125,-0.390625,-0.953125,sitting
-0.171875,-0.375,-0.953125,sitting
-0.15625,-0.359375,-0.9375,sitting
-0.15625,-0.34375,-0.921875,sitting
-0.15625,-0.328125,-0.921875,sitting
-0.15625,-0.328125,-0.921875,sitting
-0.171875,-0.328125,-0.90625,sitting
-0.1875,-0.3125,-0.921875,sitting
-0.203125,-0.3125,-0.921875,sitting
-0.171875,-0.234375,-0.953125,sitting
-0.171875,-0.234375,-0.96875,sitting
-0.171875,-0.25,-0.953125,sitting
-0.171875,-0.265625,-0.953125,sitting
-0.15625,-0.265625,-0.953125,sitting
-0.15625,-0.265625,-0.953125,sitting
-0.15625,-0.28125,-0.953125,sitting
-0.15625,-0.28125,-0.953125,sitting
-0.171875,-0.28125,-0.96875,sitting
-0.25,-0.21875,-0.984375,sitting
-0.25,-0.203125,-1.0,sitting
-0.25,-0.21875,-1.0,sitting
-0.265625,-0.203125,-1.0,sitting
-0.265625,-0.21875,-1.0,sitting
-0.265625,-0.203125,-0.984375,sitting
-0.265625,-0.203125,-0.96875,sitting
-0.265625,-0.1875,-0.953125,sitting
-0.25,-0.171875,-0.9375,sitting
-1.609375,0.046875,0.578125,jogging
-1.46875,0.140625,0.546875,jogging
-1.328125,0.171875,0.4375,jogging
-1.234375,0.171875,0.359375,jogging
-1.1875,0.171875,0.25,jogging
-1.203125,0.1875,0.09375,jogging
-1.140625,0.1875,0.03125,jogging
-1.125,0.078125,0.0,jogging
-1.171875,-0.0625,-0.015625,jogging
-0.546875,-0.109375,0.421875,jogging
-0.484375,-0.140625,0.40625,jogging
-0.40625,-0.15625,0.375,jogging
-0.296875,-0.140625,0.375,jogging
-0.203125,-0.09375,0.390625,jogging
-0.109375,-0.015625,0.421875,jogging
-0.03125,0.09375,0.4375,jogging
0.0,0.21875,0.453125,jogging
0.015625,0.359375,0.4375,jogging
-1.0,-0.234375,0.265625,jogging
-1.03125,-0.15625,0.234375,jogging
-1.046875,-0.0625,0.171875,jogging
-1.03125,0.015625,0.078125,jogging
-0.96875,0.078125,-0.015625,jogging
-0.921875,0.140625,-0.15625,jogging
-0.875,0.171875,-0.34375,jogging
-0.90625,0.125,-0.40625,jogging
-0.96875,-0.015625,-0.375,jogging
-0.984375,-0.140625,0.03125,jogging
-0.84375,-0.28125,0.4375,jogging
-0.796875,-0.4375,0.59375,jogging
-0.453125,-0.25,0.8125,jogging
-0.28125,0.125,0.75,jogging
-0.390625,0.296875,0.484375,jogging
-0.546875,0.15625,0.09375,jogging
-0.734375,0.15625,-0.1875,jogging
-0.875,0.03125,-0.34375,jogging
-2.0625,-0.265625,-1.46875,jogging
-1.4375,-0.21875,-1.359375,jogging
-1.125,-0.171875,-0.96875,jogging
-1.015625,-0.0625,-0.625,jogging
-0.921875,0.03125,-0.359375,jogging
-1.0625,0.328125,-0.171875,jogging
-1.34375,0.625,0.078125,jogging
-1.28125,0.484375,0.46875,jogging
-0.921875,0.28125,0.96875,jogging
-1.375,-0.203125,-0.03125,jogging
-1.203125,-0.125,0.0625,jogging
-1.0625,-0.078125,0.140625,jogging
-0.90625,0.015625,0.203125,jogging
-0.75,0.171875,0.265625,jogging
-0.546875,0.375,0.3125,jogging
-0.3125,0.578125,0.359375,jogging
-0.015625,0.734375,0.4375,jogging
0.25,0.6875,0.515625,jogging
-0.546875,-0.3125,0.234375,jogging
-0.421875,-0.15625,0.296875,jogging
-0.296875,-0.15625,0.234375,jogging
-0.234375,-0.09375,0.21875,jogging
-0.140625,0.03125,0.234375,jogging
-0.0625,0.140625,0.234375,jogging
-0.015625,0.15625,0.234375,jogging
0.03125,0.21875,0.25,jogging
0.0625,0.265625,0.265625,jogging
-3.515625,-1.09375,-0.09375,jogging
-1.921875,-0.734375,-0.203125,jogging
-1.3125,-0.421875,0.109375,jogging
-1.21875,0.0,0.34375,jogging
-1.546875,0.15625,0.203125,jogging
-2.65625,0.453125,-0.140625,jogging
-3.578125,0.609375,-0.328125,jogging
-2.671875,0.40625,-0.3125,jogging
-2.0625,0.359375,-0.40625,jogging
-0.9375,0.328125,0.125,jogging
-0.953125,0.21875,0.046875,jogging
-1.0,0.09375,0.03125,jogging
-1.015625,-0.03125,0.046875,jogging
-1.03125,-0.171875,0.109375,jogging
-1.015625,-0.3125,0.125,jogging
-0.953125,-0.375,0.109375,jogging
-0.890625,-0.359375,0.125,jogging
-0.828125,-0.296875,0.125,jogging
-0.59375,0.453125,1.03125,jogging
-1.125,0.296875,1.03125,jogging
-1.578125,-1.171875,1.484375,jogging
-3.0625,-2.421875,0.4375,jogging
-2.265625,-1.84375,-0.828125,jogging
-1.1875,-1.046875,-0.671875,jogging
-0.578125,-0.734375,-0.28125,jogging
-0.390625,-0.546875,-0.15625,jogging
-0.359375,-0.484375,-0.078125,jogging
-1.0625,-0.6875,-0.140625,jogging
-1.109375,-0.671875,-0.140625,jogging
-1.21875,-0.734375,-0.109375,jogging
-1.328125,-0.78125,-0.078125,jogging
-1.234375,-0.84375,-0.203125,jogging
-1.015625,-0.78125,-0.34375,jogging
-0.890625,-0.671875,-0.265625,jogging
-1.109375,-0.4375,-0.25,jogging
-1.5625,-0.109375,-0.40625,jogging
-0.3125,-0.765625,-0.53125,jogging
-0.265625,-0.65625,-0.421875,jogging
-0.25,-0.4375,-0.3125,jogging
-0.265625,-0.171875,-0.265625,jogging
-0.296875,0.09375,-0.25,jogging
-0.296875,0.265625,-0.265625,jogging
-0.328125,0.3125,-0.265625,jogging
-0.34375,0.296875,-0.234375,jogging
-0.46875,0.203125,-0.046875,jogging
-1.984375,-2.6875,-0.03125,jogging
-1.34375,-1.84375,0.0,jogging
-1.046875,-1.40625,-0.125,jogging
-0.828125,-1.1875,-0.203125,jogging
-0.90625,-0.8125,-0.125,jogging
-1.03125,-0.28125,-0.21875,jogging
-1.171875,0.234375,-0.53125,jogging
-1.28125,0.65625,-0.890625,jogging
-1.21875,0.734375,-0.6875,jogging
-3.640625,0.078125,-1.140625,jogging
-3.8125,-0.546875,-1.40625,jogging
-1.484375,-0.875,0.046875,jogging
-0.34375,-0.390625,0.59375,jogging
0.109375,0.09375,0.84375,jogging
0.40625,0.53125,0.796875,jogging
0.40625,0.59375,0.65625,jogging
0.0,0.375,0.515625,jogging
-0.640625,-0.03125,0.609375,jogging
-0.578125,-0.15625,0.234375,jogging
-0.53125,-0.171875,0.21875,jogging
-0.5,-0.171875,0.21875,jogging
-0.46875,-0.140625,0.203125,jogging
-0.453125,-0.078125,0.21875,jogging
-0.4375,-0.03125,0.234375,jogging
-0.421875,0.0,0.265625,jogging
-0.390625,0.015625,0.296875,jogging
-0.375,0.0,0.296875,jogging
-0.203125,-0.34375,0.25,jogging
-0.15625,-0.359375,0.40625,jogging
-0.078125,-0.53125,0.65625,jogging
-0.1875,-0.90625,0.734375,jogging
-0.4375,-0.921875,0.765625,jogging
-0.65625,-0.46875,0.71875,jogging
-0.828125,0.046875,0.171875,jogging
-1.28125,0.28125,-0.703125,jogging
-2.875,0.140625,-2.5625,jogging
-3.265625,-1.296875,-0.578125,jogging
-2.640625,-0.4375,-2.671875,jogging
-0.609375,0.9375,0.828125,jogging
1.890625,2.375,2.328125,jogging
1.34375,1.46875,0.734375,jogging
0.21875,-0.25,0.109375,jogging
-1.4375,-1.5,0.3125,jogging
-3.046875,-1.03125,0.1875,jogging
-2.578125,-1.21875,0.15625,jogging
-0.359375,-0.125,0.0,jogging
-0.328125,-0.125,0.046875,jogging
-0.296875,-0.125,0.109375,jogging
-0.234375,-0.109375,0.21875,jogging
-0.15625,-0.0625,0.3125,jogging
-0.0625,0.0,0.421875,jogging
0.0,0.03125,0.515625,jogging
0.0625,-0.046875,0.59375,jogging
0.15625,-0.296875,0.640625,jogging
-3.1875,-1.234375,0.109375,jogging
-2.09375,-0.390625,-0.234375,jogging
-1.609375,0.046875,-0.171875,jogging
-1.71875,0.203125,-0.03125,jogging
-1.828125,0.21875,0.125,jogging
-1.90625,0.21875,0.078125,jogging
-2.1875,0.125,-0.046875,jogging
-2.234375,0.140625,-0.15625,jogging
-2.015625,0.21875,-0.203125,jogging
0.703125,-0.3125,0.46875,jogging
0.8125,-0.484375,0.609375,jogging
0.6875,-0.234375,0.640625,jogging
0.515625,0.28125,0.640625,jogging
0.453125,0.53125,0.640625,jogging
0.28125,0.546875,0.46875,jogging
0.046875,0.359375,0.0625,jogging
-0.34375,0.171875,-0.671875,jogging
-0.796875,-0.140625,-1.734375,jogging
-0.234375,-0.28125,-0.328125,jogging
0.234375,-0.140625,-0.15625,jogging
0.703125,-0.109375,0.40625,jogging
0.765625,-0.390625,2.046875,jogging
0.5625,0.375,1.765625,jogging
-0.140625,1.453125,0.359375,jogging
-1.15625,1.25,-2.484375,jogging
-3.890625,0.09375,-1.4375,jogging
-2.453125,0.109375,1.09375,jogging
-0.1875,-0.1875,-0.21875,jogging
-0.296875,-0.125,-0.1875,jogging
-0.484375,-0.109375,-0.09375,jogging
-0.84375,-0.09375,0.0,jogging
-1.578125,-0.171875,0.15625,jogging
-2.34375,-0.34375,0.125,jogging
-2.234375,-0.46875,-0.09375,jogging
-1.78125,-0.484375,-0.203125,jogging
-1.546875,-0.390625,-0.171875,jogging
-2.0625,-1.0,-0.09375,jogging
-1.515625,-0.8125,0.09375,jogging
-1.296875,-0.390625,0.234375,jogging
-1.65625,0.046875,0.375,jogging
-1.890625,0.3125,0.328125,jogging
-1.953125,0.3125,0.171875,jogging
-1.8125,0.0,0.046875,jogging
-1.734375,-0.234375,-0.015625,jogging
-1.90625,-0.359375,-0.03125,jogging
-0.796875,-0.359375,-0.265625,jogging
-0.765625,-0.375,-0.28125,jogging
-0.765625,-0.375,-0.328125,jogging
-0.796875,-0.359375,-0.421875,jogging
-0.796875,-0.359375,-0.546875,jogging
-0.765625,-0.40625,-0.640625,jogging
-0.734375,-0.390625,-0.703125,jogging
-0.765625,-0.265625,-0.765625,jogging
-0.796875,-0.078125,-0.828125,jogging
-0.59375,-0.140625,0.109375,jogging
-0.5625,-0.125,0.09375,jogging
-0.53125,-0.09375,0.109375,jogging
-0.515625,-0.046875,0.140625,jogging
-0.515625,0.03125,0.15625,jogging
-0.5,0.140625,0.171875,jogging
-0.46875,0.234375,0.15625,jogging
-0.421875,0.3125,0.140625,jogging
-0.375,0.375,0.109375,jogging
-0.5625,0.203125,-0.15625,jogging
-0.46875,0.359375,-0.140625,jogging
-0.46875,0.359375,-0.015625,jogging
-0.578125,0.1875,0.03125,jogging
-0.703125,-0.015625,0.109375,jogging
-0.78125,-0.203125,0.296875,jogging
-0.828125,-0.359375,0.515625,jogging
-0.84375,-0.53125,0.625,jogging
-0.90625,-0.609375,0.5625,jogging
-0.125,0.125,-0.21875,jogging
-0.515625,-0.015625,-0.546875,jogging
-1.109375,-0.296875,-1.09375,jogging
-2.515625,-0.796875,-1.15625,jogging
-2.25,-1.015625,-0.34375,jogging
-1.375,-0.8125,-0.1875,jogging
-1.0625,-0.78125,-0.40625,jogging
-2.0,-0.84375,-0.28125,jogging
-2.484375,-0.609375,-0.421875,jogging
-1.09375,-0.484375,-0.453125,jogging
-3.9375,-1.96875,-1.09375,jogging
-4.53125,-0.609375,0.46875,jogging
-1.484375,0.71875,0.546875,jogging
-1.34375,0.34375,0.328125,jogging
-1.921875,0.09375,0.078125,jogging
-1.859375,0.15625,-0.21875,jogging
-2.0625,0.203125,-0.375,jogging
-2.5,0.0,-0.546875,jogging
-0.125,-0.078125,0.53125,jogging
-0.125,0.0,0.515625,jogging
-0.15625,0.125,0.5,jogging
-0.171875,0.203125,0.453125,jogging
-0.21875,0.203125,0.34375,jogging
-0.328125,0.21875,0.09375,jogging
-0.65625,0.421875,-0.484375,jogging
-2.25,-0.796875,-1.65625,jogging
-5.46875,0.140625,-4.125,jogging
-1.46875,0.15625,-0.03125,jogging
-1.296875,0.078125,0.015625,jogging
-1.125,-0.0625,0.046875,jogging
-0.953125,-0.171875,0.0625,jogging
-0.828125,-0.265625,0.03125,jogging
-0.71875,-0.28125,0.03125,jogging
-0.65625,-0.3125,0.046875,jogging
-0.625,-0.359375,0.09375,jogging
-0.59375,-0.390625,0.125,jogging
-0.765625,-0.25,-0.421875,jogging
-0.65625,-0.328125,-0.453125,jogging
-0.515625,-0.421875,-0.421875,jogging
-0.34375,-0.515625,-0.328125,jogging
-0.1875,-0.640625,-0.328125,jogging
-0.0625,-0.65625,-0.296875,jogging
0.015625,-0.53125,-0.1875,jogging
0.078125,-0.40625,-0.109375,jogging
0.078125,-0.3125,-0.046875,jogging
-0.8125,0.078125,-0.484375,jogging
-0.8125,-0.046875,-0.1875,jogging
-0.96875,-0.125,0.140625,jogging
-1.1875,-0.15625,0.40625,jogging
-1.328125,-0.265625,0.484375,jogging
-1.46875,-0.421875,0.25,jogging
-1.625,-0.421875,-0.453125,jogging
-1.546875,-0.390625,-0.75,jogging
-1.265625,-0.4375,-0.21875,jogging
-1.703125,0.359375,0.390625,jogging
-1.875,0.34375,-0.109375,jogging
-2.078125,0.25,-0.34375,jogging
-2.140625,0.078125,-0.15625,jogging
-1.984375,-0.03125,0.15625,jogging
-1.71875,0.0625,0.328125,jogging
-1.484375,0.3125,0.296875,jogging
-1.28125,0.53125,0.21875,jogging
-1.078125,0.625,0.140625,jogging
0.8125,-0.265625,-0.546875,lying
0.8125,-0.25,-0.53125,lying
0.8125,-0.25,-0.515625,lying
0.796875,-0.25,-0.515625,lying
0.8125,-0.25,-0.515625,lying
0.8125,-0.234375,-0.515625,lying
0.828125,-0.234375,-0.515625,lying
0.84375,-0.234375,-0.515625,lying
0.859375,-0.234375,-0.515625,lying
-0.234375,0.015625,-1.0,lying
-0.234375,0.015625,-1.0,lying
-0.21875,0.015625,-1.0,lying
-0.234375,0.015625,-1.0,lying
-0.21875,0.015625,-1.0,lying
-0.21875,0.03125,-1.0,lying
-0.21875,0.015625,-1.0,lying
-0.21875,0.015625,-1.0,lying
-0.234375,0.015625,-0.984375,lying
0.75,-0.234375,-0.640625,lying
0.765625,-0.234375,-0.640625,lying
0.765625,-0.203125,-0.65625,lying
0.765625,-0.1875,-0.671875,lying
0.765625,-0.140625,-0.6875,lying
0.765625,-0.109375,-0.6875,lying
0.765625,-0.09375,-0.703125,lying
0.765625,-0.0625,-0.703125,lying
0.75,-0.046875,-0.71875,lying
-0.96875,-1.296875,-1.90625,lying
-0.921875,-0.96875,-1.515625,lying
-0.75,-0.796875,-1.359375,lying
-0.453125,-0.453125,-1.21875,lying
-0.171875,-0.203125,-1.046875,lying
0.078125,0.09375,-0.796875,lying
0.328125,0.4375,-0.578125,lying
0.34375,0.46875,-0.46875,lying
0.265625,0.390625,-0.46875,lying
-0.125,-0.359375,-0.96875,lying
-0.125,-0.359375,-0.984375,lying
-0.109375,-0.359375,-0.96875,lying
-0.125,-0.359375,-0.984375,lying
-0.125,-0.359375,-0.984375,lying
-0.125,-0.34375,-0.984375,lying
-0.125,-0.359375,-0.984375,lying
-0.125,-0.34375,-0.984375,lying
-0.125,-0.359375,-0.984375,lying
0.84375,0.09375,-0.59375,lying
0.84375,0.0625,-0.59375,lying
0.84375,0.03125,-0.578125,lying
0.84375,0.0,-0.5625,lying
0.859375,-0.015625,-0.546875,lying
0.84375,-0.03125,-0.53125,lying
0.84375,-0.046875,-0.515625,lying
0.84375,-0.0625,-0.515625,lying
0.859375,-0.0625,-0.515625,lying
-0.078125,-0.0625,-1.015625,lying
-0.0625,-0.078125,-1.015625,lying
-0.046875,-0.109375,-1.015625,lying
-0.046875,-0.125,-1.046875,lying
-0.046875,-0.140625,-1.046875,lying
-0.046875,-0.15625,-1.046875,lying
-0.0625,-0.140625,-1.046875,lying
-0.078125,-0.140625,-1.0625,lying
-0.109375,-0.171875,-1.0625,lying
0.75,-0.171875,-0.6875,lying
0.75,-0.171875,-0.6875,lying
0.75,-0.171875,-0.671875,lying
0.75,-0.171875,-0.6875,lying
0.75,-0.171875,-0.6875,lying
0.75,-0.1875,-0.6875,lying
0.75,-0.1875,-0.6875,lying
0.75,-0.203125,-0.6875,lying
0.75,-0.1875,-0.6875,lying
-0.234375,-0.203125,-0.984375,lying
-0.234375,-0.203125,-0.984375,lying
-0.234375,-0.203125,-1.0,lying
-0.21875,-0.21875,-1.0,lying
-0.21875,-0.21875,-1.0,lying
-0.234375,-0.21875,-1.0,lying
-0.234375,-0.21875,-1.015625,lying
-0.234375,-0.21875,-1.0,lying
-0.234375,-0.21875,-1.0,lying
-0.109375,-0.15625,-1.0,lying
-0.078125,-0.140625,-1.0,lying
-0.0625,-0.109375,-1.015625,lying
-0.046875,-0.09375,-1.015625,lying
-0.046875,-0.078125,-1.0,lying
-0.046875,-0.0625,-1.0,lying
-0.0625,-0.078125,-1.0,lying
-0.078125,-0.09375,-1.0,lying
-0.09375,-0.109375,-1.0,lying
0.734375,-0.234375,-0.6875,lying
0.734375,-0.234375,-0.6875,lying
0.734375,-0.234375,-0.6875,lying
0.734375,-0.234375,-0.6875,lying
0.734375,-0.234375,-0.671875,lying
0.734375,-0.234375,-0.6875,lying
0.75,-0.234375,-0.6875,lying
0.75,-0.234375,-0.6875,lying
0.734375,-0.234375,-0.6875,lying
0.109375,-0.765625,-0.78125,lying
0.09375,-0.84375,-0.84375,lying
0.0625,-0.9375,-0.890625,lying
0.03125,-0.984375,-0.90625,lying
0.015625,-1.015625,-0.890625,lying
0.0,-1.015625,-0.84375,lying
-0.015625,-0.984375,-0.796875,lying
-0.015625,-0.9375,-0.75,lying
0.0,-0.90625,-0.703125,lying
0.25,-0.28125,-0.921875,lying
0.25,-0.28125,-0.921875,lying
0.25,-0.28125,-0.921875,lying
0.25,-0.28125,-0.921875,lying
0.25,-0.28125,-0.921875,lying
0.25,-0.28125,-0.921875,lying
0.25,-0.28125,-0.921875,lying
0.25,-0.28125,-0.921875,lying
0.25,-0.28125,-0.921875,lying
-0.125,0.0,-1.0,lying
-0.125,0.0,-1.0,lying
-0.125,0.0,-1.0,lying
-0.125,0.0,-1.0,lying
-0.125,0.0,-1.0,lying
-0.125,0.0,-1.0,lying
-0.125,0.0,-1.0,lying
-0.140625,0.0,-1.0,lying
-0.140625,0.0,-1.015625,lying
-0.15625,0.015625,-1.015625,lying
-0.15625,0.0,-1.015625,lying
-0.15625,0.0,-1.015625,lying
-0.15625,0.0,-1.0,lying
-0.15625,0.0,-1.015625,lying
-0.15625,0.0,-1.0,lying
-0.15625,0.0,-1.0,lying
-0.15625,0.0,-1.015625,lying
-0.15625,0.0,-1.015625,lying
-0.28125,0.0,-0.984375,lying
-0.28125,0.03125,-0.96875,lying
-0.265625,0.0625,-0.9375,lying
-0.234375,0.046875,-0.921875,lying
-0.21875,0.046875,-0.921875,lying
-0.1875,0.015625,-0.921875,lying
-0.171875,0.0,-0.921875,lying
-0.15625,-0.03125,-0.9375,lying
-0.15625,-0.0625,-0.9375,lying
-0.0625,-0.546875,-0.921875,lying
-0.0625,-0.546875,-0.921875,lying
-0.046875,-0.53125,-0.90625,lying
-0.0625,-0.515625,-0.90625,lying
-0.0625,-0.5,-0.90625,lying
-0.078125,-0.484375,-0.890625,lying
-0.078125,-0.46875,-0.890625,lying
-0.0625,-0.453125,-0.890625,lying
-0.0625,-0.4375,-0.90625,lying
-0.03125,-0.21875,-0.984375,lying
-0.046875,-0.21875,-0.984375,lying
-0.0625,-0.21875,-1.0,lying
-0.09375,-0.203125,-1.015625,lying
-0.09375,-0.203125,-1.015625,lying
-0.125,-0.1875,-1.03125,lying
-0.140625,-0.203125,-1.0625,lying
-0.15625,-0.203125,-1.078125,lying
-0.140625,-0.203125,-1.09375,lying
-0.09375,-0.5625,-0.796875,lying
-0.09375,-0.578125,-0.8125,lying
-0.078125,-0.59375,-0.8125,lying
-0.078125,-0.625,-0.84375,lying
-0.09375,-0.625,-0.84375,lying
-0.078125,-0.640625,-0.859375,lying
-0.09375,-0.640625,-0.84375,lying
-0.09375,-0.625,-0.84375,lying
-0.09375,-0.609375,-0.859375,lying
-0.078125,0.0,-1.03125,lying
-0.078125,0.0,-1.03125,lying
-0.078125,0.0,-1.03125,lying
-0.078125,0.0,-1.015625,lying
-0.078125,0.0,-1.015625,lying
-0.078125,0.0,-1.015625,lying
-0.078125,0.0,-1.0,lying
-0.078125,0.0,-1.0,lying
-0.078125,0.015625,-1.0,lying
-0.15625,0.078125,-1.03125,lying
-0.171875,0.0625,-1.046875,lying
-0.1875,0.0625,-1.046875,lying
-0.1875,0.046875,-1.0625,lying
-0.1875,0.046875,-1.0625,lying
-0.171875,0.046875,-1.0625,lying
-0.15625,0.03125,-1.0625,lying
-0.15625,0.03125,-1.046875,lying
-0.140625,0.03125,-1.03125,lying
-0.109375,-0.171875,-1.0,lying
-0.109375,-0.171875,-1.0,lying
-0.09375,-0.171875,-1.0,lying
-0.09375,-0.171875,-1.0,lying
-0.109375,-0.171875,-1.0,lying
-0.109375,-0.171875,-1.0,lying
-0.09375,-0.1875,-1.0,lying
-0.09375,-0.171875,-1.0,lying
-0.09375,-0.171875,-1.0,lying
-0.125,0.046875,-1.0,lying
-0.125,0.03125,-1.0,lying
-0.125,0.03125,-1.0,lying
-0.125,0.03125,-1.0,lying
-0.125,0.03125,-1.0,lying
-0.125,0.03125,-1.0,lying
-0.125,0.046875,-1.0,lying
-0.125,0.03125,-1.0,lying
-0.125,0.046875,-1.0,lying
0.859375,-0.203125,-0.46875,lying
0.859375,-0.1875,-0.421875,lying
0.828125,-0.171875,-0.40625,lying
0.8125,-0.171875,-0.390625,lying
0.8125,-0.203125,-0.421875,lying
0.828125,-0.25,-0.484375,lying
0.859375,-0.3125,-0.5625,lying
0.90625,-0.34375,-0.640625,lying
0.9375,-0.375,-0.671875,lying
-0.234375,0.0,-1.0,lying
-0.234375,0.0,-1.0,lying
-0.234375,-0.03125,-1.0,lying
-0.21875,-0.03125,-1.0,lying
-0.203125,-0.046875,-1.0,lying
-0.203125,-0.03125,-1.0,lying
-0.203125,-0.015625,-1.015625,lying
-0.1875,0.0,-1.015625,lying
-0.171875,0.0,-1.015625,lying
-0.09375,-0.6875,-1.3125,lying
-0.0625,-0.609375,-1.234375,lying
-0.078125,-0.5,-1.1875,lying
-0.125,-0.375,-1.109375,lying
-0.203125,-0.296875,-1.078125,lying
-0.25,-0.25,-1.03125,lying
-0.265625,-0.234375,-0.984375,lying
-0.234375,-0.25,-0.9375,lying
-0.15625,-0.265625,-0.90625,lying
0.296875,-0.71875,-0.65625,lying
0.3125,-0.640625,-0.671875,lying
0.296875,-0.578125,-0.6875,lying
0.28125,-0.546875,-0.71875,lying
0.25,-0.53125,-0.71875,lying
0.234375,-0.53125,-0.734375,lying
0.203125,-0.546875,-0.703125,lying
0.1875,-0.59375,-0.6875,lying
0.1875,-0.65625,-0.6875,lying
0.40625,-0.1875,-0.921875,lying
0.40625,-0.1875,-0.921875,lying
0.40625,-0.1875,-0.921875,lying
0.40625,-0.171875,-0.9375,lying
0.40625,-0.1875,-0.9375,lying
0.390625,-0.171875,-0.921875,lying
0.40625,-0.1875,-0.921875,lying
0.40625,-0.171875,-0.9375,lying
0.390625,-0.171875,-0.9375,lying
0.0625,-0.046875,-0.9375,lying
0.0625,0.0,-0.953125,lying
0.015625,0.015625,-0.953125,lying
0.0,-0.015625,-0.96875,lying
-0.015625,-0.046875,-0.96875,lying
-0.015625,-0.109375,-0.96875,lying
0.03125,-0.171875,-0.515625,lying
0.0625,-0.1875,-0.75,lying
0.015625,-0.171875,-1.046875,lying
-0.40625,-0.03125,-1.125,lying
-0.34375,0.0,-1.09375,lying
-0.234375,0.046875,-1.015625,lying
-0.078125,0.078125,-0.9375,lying
0.046875,0.078125,-0.875,lying
0.15625,0.0625,-0.84375,lying
0.1875,0.046875,-0.84375,lying
0.15625,0.0,-0.875,lying
0.0625,-0.03125,-0.9375,lying
0.015625,-0.515625,-0.765625,lying
-0.015625,-0.5,-0.78125,lying
-0.0625,-0.46875,-0.859375,lying
-0.09375,-0.453125,-0.921875,lying
-0.140625,-0.4375,-1.0,lying
-0.171875,-0.4375,-1.078125,lying
-0.203125,-0.453125,-1.125,lying
-0.21875,-0.46875,-1.125,lying
-0.234375,-0.5,-1.09375,lying
-0.328125,-0.109375,-1.109375,lying
-0.28125,-0.125,-1.0625,lying
-0.21875,-0.109375,-1.0,lying
-0.140625,-0.109375,-0.96875,lying
-0.078125,-0.125,-0.9375,lying
-0.078125,-0.171875,-0.90625,lying
-0.109375,-0.21875,-0.890625,lying
-0.15625,-0.28125,-0.90625,lying
-0.1875,-0.328125,-0.90625,lying
-0.140625,-0.28125,-0.984375,lying
-0.140625,-0.28125,-0.984375,lying
-0.140625,-0.28125,-0.984375,lying
-0.140625,-0.28125,-0.96875,lying
-0.140625,-0.28125,-0.96875,lying
-0.140625,-0.28125,-0.96875,lying
-0.140625,-0.28125,-0.96875,lying
-0.140625,-0.28125,-0.96875,lying
-0.140625,-0.28125,-0.96875,lying
-1.015625,-0.109375,-0.484375,walk_mod
-0.9375,-0.046875,-0.421875,walk_mod
-0.859375,0.015625,-0.359375,walk_mod
-0.8125,0.125,-0.234375,walk_mod
-0.71875,0.171875,-0.046875,walk_mod
-0.5,0.203125,0.03125,walk_mod
-0.328125,0.1875,0.046875,walk_mod
-0.34375,0.015625,0.0625,walk_mod
-0.671875,-0.34375,0.34375,walk_mod
-1.703125,0.296875,-0.109375,walk_mod
-1.578125,0.25,-0.125,walk_mod
-1.40625,0.140625,0.078125,walk_mod
-1.296875,-0.03125,0.453125,walk_mod
-1.375,-0.171875,0.78125,walk_mod
-1.484375,-0.25,0.953125,walk_mod
-1.546875,-0.40625,1.046875,walk_mod
-1.515625,-0.484375,1.015625,walk_mod
-1.421875,-0.5,0.859375,walk_mod
-1.515625,-0.21875,-1.125,walk_mod
-1.28125,-0.140625,-1.25,walk_mod
-1.125,-0.015625,-1.171875,walk_mod
-1.0,0.171875,-0.984375,walk_mod
-0.859375,0.234375,-0.71875,walk_mod
-0.78125,0.234375,-0.453125,walk_mod
-0.84375,0.203125,-0.25,walk_mod
-0.921875,0.15625,-0.0625,walk_mod
-1.015625,0.015625,0.125,walk_mod
-0.703125,0.015625,-0.03125,walk_mod
-0.78125,0.03125,0.0,walk_mod
-0.890625,0.078125,0.0625,walk_mod
-0.984375,0.109375,0.09375,walk_mod
-1.03125,0.09375,0.109375,walk_mod
-1.046875,0.03125,0.0625,walk_mod
-1.078125,-0.03125,0.03125,walk_mod
-1.109375,-0.09375,0.0,walk_mod
-1.140625,-0.125,-0.03125,walk_mod
-0.75,-0.125,0.1875,walk_mod
-0.734375,-0.125,0.1875,walk_mod
-0.71875,-0.109375,0.171875,walk_mod
-0.6875,-0.046875,0.171875,walk_mod
-0.640625,0.0,0.1875,walk_mod
-0.609375,0.078125,0.203125,walk_mod
-0.609375,0.109375,0.171875,walk_mod
-0.640625,0.09375,0.140625,walk_mod
-0.6875,0.109375,0.0625,walk_mod
-1.015625,-0.34375,0.015625,walk_mod
-0.921875,-0.296875,0.046875,walk_mod
-0.828125,-0.21875,0.109375,walk_mod
-0.71875,-0.1875,0.0625,walk_mod
-0.578125,-0.078125,0.03125,walk_mod
-0.484375,0.0,0.109375,walk_mod
-0.375,0.015625,0.15625,walk_mod
-0.296875,-0.015625,0.15625,walk_mod
-0.265625,-0.03125,0.09375,walk_mod
-1.296875,0.21875,-0.203125,walk_mod
-1.25,0.1875,-0.03125,walk_mod
-1.34375,0.15625,0.078125,walk_mod
-1.421875,0.09375,0.21875,walk_mod
-1.453125,0.0625,0.359375,walk_mod
-1.484375,0.0,0.484375,walk_mod
-1.40625,0.0,0.515625,walk_mod
-1.359375,-0.015625,0.515625,walk_mod
-1.328125,-0.0625,0.453125,walk_mod
-0.75,0.453125,0.34375,walk_mod
-0.875,0.28125,0.359375,walk_mod
-1.046875,0.0,0.390625,walk_mod
-1.21875,-0.3125,0.390625,walk_mod
-1.328125,-0.59375,0.390625,walk_mod
-1.359375,-0.71875,0.28125,walk_mod
-1.28125,-0.640625,0.1875,walk_mod
-1.0625,-0.453125,0.140625,walk_mod
-0.875,-0.296875,0.171875,walk_mod
-0.96875,-0.109375,0.203125,walk_mod
-0.984375,-0.109375,0.203125,walk_mod
-0.984375,-0.109375,0.203125,walk_mod
-0.984375,-0.109375,0.1875,walk_mod
-1.0,-0.125,0.1875,walk_mod
-1.0,-0.125,0.171875,walk_mod
-1.0,-0.125,0.15625,walk_mod
-1.0,-0.125,0.140625,walk_mod
-0.984375,-0.125,0.125,walk_mod
-0.90625,-0.0625,-0.3125,walk_mod
-0.90625,-0.140625,-0.390625,walk_mod
-0.984375,-0.234375,-0.40625,walk_mod
-1.046875,-0.296875,-0.359375,walk_mod
-1.109375,-0.265625,-0.1875,walk_mod
-1.109375,-0.046875,-0.25,walk_mod
-1.109375,0.015625,-0.265625,walk_mod
-1.109375,-0.015625,-0.296875,walk_mod
-1.09375,-0.015625,-0.328125,walk_mod
-1.0,-0.375,-0.1875,walk_mod
-0.984375,-0.359375,-0.15625,walk_mod
-0.96875,-0.34375,-0.140625,walk_mod
-0.953125,-0.3125,-0.140625,walk_mod
-0.9375,-0.296875,-0.125,walk_mod
-0.921875,-0.28125,-0.109375,walk_mod
-0.9375,-0.265625,-0.09375,walk_mod
-0.953125,-0.28125,-0.09375,walk_mod
-0.984375,-0.296875,-0.109375,walk_mod
-0.5,0.15625,-0.28125,walk_mod
-0.875,0.40625,0.296875,walk_mod
-1.203125,0.46875,1.015625,walk_mod
-1.03125,0.109375,0.65625,walk_mod
-1.203125,-0.34375,-0.234375,walk_mod
-1.8125,-0.671875,-0.96875,walk_mod
-2.015625,-0.1875,-0.6875,walk_mod
-1.46875,0.203125,-0.34375,walk_mod
-0.921875,0.421875,-0.296875,walk_mod
-1.78125,0.484375,0.109375,walk_mod
-1.5625,0.375,0.1875,walk_mod
-1.1875,0.171875,0.203125,walk_mod
-0.859375,-0.078125,0.0625,walk_mod
-0.703125,-0.3125,-0.03125,walk_mod
-0.609375,-0.375,-0.078125,walk_mod
-0.515625,-0.40625,-0.078125,walk_mod
-0.4375,-0.5,-0.078125,walk_mod
-0.4375,-0.546875,-0.046875,walk_mod
-1.203125,0.046875,0.234375,walk_mod
-1.234375,0.015625,0.21875,walk_mod
-1.234375,0.015625,0.1875,walk_mod
-1.234375,0.015625,0.125,walk_mod
-1.234375,0.0625,0.0625,walk_mod
-1.21875,0.125,0.046875,walk_mod
-1.21875,0.234375,0.03125,walk_mod
-1.203125,0.3125,0.015625,walk_mod
-1.21875,0.328125,-0.046875,walk_mod
-0.96875,-0.109375,-0.4375,walk_mod
-0.96875,-0.078125,-0.34375,walk_mod
-0.984375,-0.046875,-0.296875,walk_mod
-1.015625,-0.015625,-0.296875,walk_mod
-1.109375,0.03125,-0.3125,walk_mod
-1.265625,0.09375,-0.328125,walk_mod
-1.40625,0.140625,-0.359375,walk_mod
-1.546875,0.09375,-0.3125,walk_mod
-1.5625,0.0,-0.28125,walk_mod
-0.765625,0.34375,0.09375,walk_mod
-0.890625,0.328125,0.109375,walk_mod
-0.984375,0.203125,0.0625,walk_mod
-1.03125,0.109375,0.0625,walk_mod
-1.0,0.03125,0.125,walk_mod
-0.921875,-0.015625,0.203125,walk_mod
-0.84375,-0.0625,0.265625,walk_mod
-0.796875,-0.09375,0.296875,walk_mod
-0.828125,-0.140625,0.265625,walk_mod
-0.9375,0.125,0.109375,walk_mod
-0.90625,0.171875,0.125,walk_mod
-0.921875,0.21875,0.109375,walk_mod
-0.875,0.1875,0.09375,walk_mod
-0.828125,0.171875,0.109375,walk_mod
-0.78125,0.109375,0.125,walk_mod
-0.71875,0.03125,0.15625,walk_mod
-0.65625,-0.015625,0.140625,walk_mod
-0.609375,0.0,0.15625,walk_mod
-1.03125,-0.46875,-0.25,walk_mod
-0.9375,-0.265625,-0.265625,walk_mod
-0.859375,-0.125,-0.34375,walk_mod
-0.84375,-0.03125,-0.375,walk_mod
-0.8125,0.015625,-0.296875,walk_mod
-0.78125,0.046875,-0.140625,walk_mod
-0.75,0.03125,0.03125,walk_mod
-0.765625,0.0,0.109375,walk_mod
-1.0,0.03125,0.125,walk_mod
-1.78125,-1.171875,-1.09375,walk_mod
-1.578125,-0.953125,-0.96875,walk_mod
-1.34375,-0.75,-0.78125,walk_mod
-1.109375,-0.609375,-0.59375,walk_mod
-0.9375,-0.484375,-0.453125,walk_mod
-0.796875,-0.34375,-0.3125,walk_mod
-0.734375,-0.25,-0.21875,walk_mod
-0.65625,-0.28125,-0.203125,walk_mod
-0.515625,-0.453125,-0.140625,walk_mod
-2.6875,-0.578125,0.890625,walk_mod
-3.78125,-0.765625,-0.578125,walk_mod
-3.015625,-1.078125,-1.6875,walk_mod
-0.765625,-0.140625,-0.265625,walk_mod
-0.0625,0.28125,0.90625,walk_mod
0.25,0.53125,1.203125,walk_mod
0.546875,1.203125,1.375,walk_mod
0.640625,0.78125,0.78125,walk_mod
0.09375,-0.328125,0.171875,walk_mod
-0.28125,0.34375,0.109375,walk_mod
-0.40625,0.40625,-0.046875,walk_mod
-0.609375,0.421875,-0.234375,walk_mod
-0.8125,0.328125,-0.484375,walk_mod
-1.265625,0.375,-1.09375,walk_mod
-2.390625,0.6875,-2.359375,walk_mod
-4.25,0.0625,-2.515625,walk_mod
-3.046875,-1.09375,-2.21875,walk_mod
-1.921875,-0.75,-1.40625,walk_mod
1.296875,2.359375,-0.03125,walk_mod
0.59375,2.40625,-0.609375,walk_mod
-0.640625,1.984375,-0.59375,walk_mod
-2.171875,1.5,0.3125,walk_mod
-2.453125,0.140625,1.03125,walk_mod
-1.921875,-0.875,0.53125,walk_mod
-1.453125,-1.484375,-0.015625,walk_mod
-1.109375,-1.4375,0.078125,walk_mod
-0.859375,-0.984375,0.3125,walk_mod
-1.359375,-0.15625,0.796875,walk_mod
-1.53125,-0.59375,0.640625,walk_mod
-1.609375,-0.921875,0.453125,walk_mod
-1.65625,-0.828125,0.296875,walk_mod
-1.84375,-0.484375,0.328125,walk_mod
-1.921875,-0.09375,0.328125,walk_mod
-1.78125,0.09375,0.359375,walk_mod
-1.546875,0.125,0.34375,walk_mod
-1.421875,0.0625,0.25,walk_mod
-0.953125,-0.09375,-0.03125,walk_mod
-0.90625,-0.03125,0.0,walk_mod
-0.796875,0.015625,0.015625,walk_mod
-0.75,0.046875,0.015625,walk_mod
-0.734375,0.0625,0.0625,walk_mod
-0.75,0.078125,0.078125,walk_mod
-0.75,0.109375,0.09375,walk_mod
-0.71875,0.140625,0.125,walk_mod
-0.703125,0.1875,0.15625,walk_mod
-1.265625,-0.21875,0.03125,walk_mod
-1.328125,-0.125,-0.09375,walk_mod
-1.296875,-0.09375,-0.203125,walk_mod
-1.234375,-0.109375,-0.265625,walk_mod
-1.203125,-0.15625,-0.28125,walk_mod
-1.21875,-0.234375,-0.296875,walk_mod
-1.21875,-0.359375,-0.28125,walk_mod
-1.25,-0.46875,-0.265625,walk_mod
-1.296875,-0.53125,-0.265625,walk_mod
-0.375,-0.15625,-0.078125,walk_mod
-0.375,-0.1875,-0.078125,walk_mod
-0.34375,-0.171875,-0.0625,walk_mod
-0.296875,-0.171875,-0.0625,walk_mod
-0.25,-0.125,-0.0625,walk_mod
-0.203125,-0.125,-0.015625,walk_mod
-0.171875,-0.171875,0.0625,walk_mod
-0.15625,-0.1875,0.140625,walk_mod
-0.25,-0.171875,0.171875,walk_mod
-0.65625,0.703125,-0.625,walk_mod
-0.953125,0.734375,-0.796875,walk_mod
-1.40625,0.34375,-1.25,walk_mod
-3.328125,-1.1875,-2.03125,walk_mod
-4.109375,-3.5,-1.421875,walk_mod
-1.828125,-2.046875,-1.046875,walk_mod
-1.234375,-1.46875,-1.5625,walk_mod
-0.625,-1.015625,-1.859375,walk_mod
-0.28125,-0.796875,-1.6875,walk_mod
-1.203125,-0.265625,-0.09375,walk_mod
-1.109375,-0.125,-0.15625,walk_mod
-1.09375,0.0,-0.21875,walk_mod
-1.140625,0.125,-0.25,walk_mod
-1.21875,0.25,-0.21875,walk_mod
-1.265625,0.390625,-0.078125,walk_mod
-1.296875,0.5,0.109375,walk_mod
-1.3125,0.4375,0.25,walk_mod
-1.375,0.234375,0.265625,walk_mod
-1.46875,-0.140625,-0.203125,walk_mod
-1.421875,-0.046875,-0.3125,walk_mod
-1.40625,-0.140625,-0.34375,walk_mod
-1.390625,-0.28125,-0.3125,walk_mod
-1.4375,-0.40625,-0.28125,walk_mod
-1.4375,-0.484375,-0.296875,walk_mod
-1.390625,-0.453125,-0.25,walk_mod
-1.328125,-0.328125,-0.234375,walk_mod
-1.40625,-0.234375,-0.25,walk_mod
-1.171875,0.0,-0.15625,walk_mod
-1.15625,-0.03125,-0.1875,walk_mod
-1.15625,-0.09375,-0.21875,walk_mod
-1.140625,-0.125,-0.234375,walk_mod
-1.140625,-0.15625,-0.25,walk_mod
-1.140625,-0.171875,-0.265625,walk_mod
-1.125,-0.15625,-0.265625,walk_mod
-1.109375,-0.125,-0.25,walk_mod
-1.078125,-0.078125,-0.234375,walk_mod
-0.5,-0.09375,-0.0625,walk_mod
-0.46875,-0.078125,-0.09375,walk_mod
-0.421875,-0.078125,-0.109375,walk_mod
-0.421875,-0.109375,-0.15625,walk_mod
-0.453125,-0.140625,-0.1875,walk_mod
-0.515625,-0.203125,-0.265625,walk_mod
-0.625,-0.25,-0.375,walk_mod
-0.765625,-0.265625,-0.5,walk_mod
-0.9375,-0.25,-0.671875,walk_mod
-1.265625,-0.140625,0.046875,walk_mod
-1.296875,-0.109375,-0.03125,walk_mod
-1.359375,-0.0625,-0.125,walk_mod
-1.3125,-0.046875,-0.171875,walk_mod
-1.265625,-0.078125,-0.1875,walk_mod
-1.3125,-0.15625,-0.15625,walk_mod
-1.34375,-0.21875,-0.0625,walk_mod
-1.359375,-0.203125,0.09375,walk_mod
-1.40625,-0.109375,0.234375,walk_mod
-0.90625,0.171875,-0.203125,walk_mod
-0.921875,0.171875,-0.21875,walk_mod
-0.921875,0.171875,-0.25,walk_mod
-0.921875,0.171875,-0.28125,walk_mod
-0.9375,0.15625,-0.34375,walk_mod
-0.984375,0.15625,-0.390625,walk_mod
-0.953125,0.125,-0.390625,walk_mod
-1.0,0.1875,-0.390625,walk_mod
-1.046875,0.21875,-0.25,walk_mod
